,mooney,solution,labelsEn,labelsNl
0,img/tt/001tt.jpg,img/gs/001gs.jpg,owl,uil
1,img/tt/002tt.jpg,img/gs/002gs.jpg,"dog, dalmatian, dalmatian dog",
2,img/tt/003tt.jpg,img/gs/003gs.jpg,"fish, trout, tuna, herring, cod, carp",
3,img/tt/004tt.jpg,img/gs/004gs.jpg,"mushroom, fungi",
4,img/tt/005tt.jpg,img/gs/005gs.jpg,scorpion,
5,img/tt/006tt.jpg,img/gs/006gs.jpg,"goat, buck",
6,img/tt/007tt.jpg,img/gs/007gs.jpg,"frog, toad, bullfrog",
7,img/tt/008tt.jpg,img/gs/008gs.jpg,"gun, rifle, shotgun, firearm, weapon",
8,img/tt/009tt.jpg,img/gs/009gs.jpg,bananas,
9,img/tt/010tt.jpg,img/gs/010gs.jpg,bat,
10,img/tt/011tt.jpg,img/gs/011gs.jpg,"orca, whale, killer whale, dolphin",
11,img/tt/012tt.jpg,img/gs/012gs.jpg,beaver,
12,img/tt/013tt.jpg,img/gs/013gs.jpg,"camel, dromedary",
13,img/tt/014tt.jpg,img/gs/014gs.jpg,"ape, monkey, gorilla",
14,img/tt/015tt.jpg,img/gs/015gs.jpg,chandelier,
15,img/tt/016tt.jpg,img/gs/016gs.jpg,seahorse,
16,img/tt/017tt.jpg,img/gs/017gs.jpg,flamingos,
17,img/tt/018tt.jpg,img/gs/018gs.jpg,"squirrel, chipmunk, marmot",
18,img/tt/019tt.jpg,img/gs/019gs.jpg,"pliers, stripping tool, pincer",
19,img/tt/020tt.jpg,img/gs/020gs.jpg,"jesus, christ, jesus christ, lord, messiah",
20,img/tt/021tt.jpg,img/gs/021gs.jpg,"orca, whale, killer whale, dolphin",
21,img/tt/022tt.jpg,img/gs/022gs.jpg,"mug, coffee cup, cup",
22,img/tt/023tt.jpg,img/gs/023gs.jpg,"plane, aeroplane, airbus, aircraft, airliner, airship, cessna, sports plane, jet, jetplane",
23,img/tt/024tt.jpg,img/gs/024gs.jpg,"crocodile, croc, caiman, alligator",
24,img/tt/025tt.jpg,img/gs/025gs.jpg,"tipi, teepee, wigwam, tent, indian tent",
25,img/tt/026tt.jpg,img/gs/026gs.jpg,"gramophone, phonograph, record player",
26,img/tt/027tt.jpg,img/gs/027gs.jpg,"dove, bird, pigeon",
27,img/tt/028tt.jpg,img/gs/028gs.jpg,"fish, trout, tuna, herring, cod, carp",
28,img/tt/029tt.jpg,img/gs/029gs.jpg,"tuba, trumpet, brass, trombone, sousaphone, contrabass bugles, bugles, horn, french horn, euphonium, tenor horn, baritone horn",
29,img/tt/030tt.jpg,img/gs/030gs.jpg,"hamburger, burger",
30,img/tt/031tt.jpg,img/gs/031gs.jpg,"bear, brown bear, grizzly",
31,img/tt/032tt.jpg,img/gs/032gs.jpg,"zipper, zip, zip-fastener, slide-fastener",
32,img/tt/033tt.jpg,img/gs/033gs.jpg,"bike, bicycle, velocipede, cycle, sports bike, racing bike, racing",
33,img/tt/034tt.jpg,img/gs/034gs.jpg,"skunk, badger, stink",
34,img/tt/035tt.jpg,img/gs/035gs.jpg,"waterfall, river, cascade, stream",
35,img/tt/036tt.jpg,img/gs/036gs.jpg,"lightning, bolt, firebolt, storm, thunderstorm",
36,img/tt/037tt.jpg,img/gs/037gs.jpg,"reindeer, deer, moose, elk, wapiti, muntjac, chital, antler",
37,img/tt/038tt.jpg,img/gs/038gs.jpg,"bear, teddybear, teddy, toy, stuffed animal, stuffed",
38,img/tt/039tt.jpg,img/gs/039gs.jpg,"ape, monkey, gorilla",
39,img/tt/040tt.jpg,img/gs/040gs.jpg,"ape, monkey, gorilla, chimp, chimpanzee, bonobo",
40,img/tt/041tt.jpg,img/gs/041gs.jpg,"gun, rifle, revolver, firearm, weapon, six-shooter, pistol, handgun",
41,img/tt/042tt.jpg,img/gs/042gs.jpg,"baseball glove, glove, baseball",
42,img/tt/043tt.jpg,img/gs/043gs.jpg,"bowling, ball, bowling ball, hand, finger",
43,img/tt/044tt.jpg,img/gs/044gs.jpg,"coffin, casket, funerary box, death, dead person, dead, deceased, dead body, body, departed",
44,img/tt/045tt.jpg,img/gs/045gs.jpg,"squid, tentacles, octopus",
45,img/tt/046tt.jpg,img/gs/046gs.jpg,"dog, labrador, pup, puppy, hound, mutt, mongrel",
46,img/tt/047tt.jpg,img/gs/047gs.jpg,"accordion, bandoneon, squeezebox",
47,img/tt/048tt.jpg,img/gs/048gs.jpg,"bear, arctic bear, polar bear, tire, car tire",
48,img/tt/049tt.jpg,img/gs/049gs.jpg,"emu, ostrich, bird, turkey, ibis",
49,img/tt/050tt.jpg,img/gs/050gs.jpg,"camel, dromedary",
50,img/tt/051tt.jpg,img/gs/051gs.jpg,"crocodile, croc, caiman, alligator",
51,img/tt/052tt.jpg,img/gs/052gs.jpg,"ring, jewel, jewelry, diamond, diamond ring",
52,img/tt/053tt.jpg,img/gs/053gs.jpg,"waterfall, river, cascade, stream, kayak, canoe",
53,img/tt/054tt.jpg,img/gs/054gs.jpg,scorpion,
54,img/tt/055tt.jpg,img/gs/055gs.jpg,"saddle, horse, horse saddle, leather",
55,img/tt/056tt.jpg,img/gs/056gs.jpg,"jaguar, leopard, puma, cheetah, tiger, panther, lynx, cougar",
56,img/tt/057tt.jpg,img/gs/057gs.jpg,"tractor, caterpillar, truck, bulldozer",
57,img/tt/058tt.jpg,img/gs/058gs.jpg,"camel, dromedary",
58,img/tt/059tt.jpg,img/gs/059gs.jpg,"fish, trout, tuna, herring, cod, carp",
59,img/tt/060tt.jpg,img/gs/060gs.jpg,"hamburger, burger, fries, food, french fries, chips,",
60,img/tt/061tt.jpg,img/gs/061gs.jpg,"shoe, sports shoe, sneaker, running shoes, footwear, pumps",
61,img/tt/062tt.jpg,img/gs/062gs.jpg,owl,
62,img/tt/063tt.jpg,img/gs/063gs.jpg,"accordion, bandoneon, squeezebox",
63,img/tt/064tt.jpg,img/gs/064gs.jpg,"hawksbill, tortoise, turtle, sea turtle",
64,img/tt/065tt.jpg,img/gs/065gs.jpg,"grashopper, cricket, locust, mantis, praying mantis",
65,img/tt/066tt.jpg,img/gs/066gs.jpg,dragonfly,
66,img/tt/067tt.jpg,img/gs/067gs.jpg,"piano, grand piano, keyboard",
67,img/tt/068tt.jpg,img/gs/068gs.jpg,"boat, ship, sailboat, sails, schooner, skiff, bateau, yacht",
68,img/tt/069tt.jpg,img/gs/069gs.jpg,"snake, python, mamba, cobra, serpent",
69,img/tt/070tt.jpg,img/gs/070gs.jpg,"rhinoceros, rhino, hippopotamus",
70,img/tt/071tt.jpg,img/gs/071gs.jpg,"kangaroo, wallaby, wallaroo",
71,img/tt/072tt.jpg,img/gs/072gs.jpg,ostrich,
72,img/tt/073tt.jpg,img/gs/073gs.jpg,"backback, bag",
73,img/tt/074tt.jpg,img/gs/074gs.jpg,"pineapple, ananas, pineapple tree",
74,img/tt/075tt.jpg,img/gs/075gs.jpg,"flamingo, flamingos",
75,img/tt/076tt.jpg,img/gs/076gs.jpg,"skate, skates, inline skates, rollerskates, rollerblade",
76,img/tt/077tt.jpg,img/gs/077gs.jpg,"wrench, tool",
77,img/tt/078tt.jpg,img/gs/078gs.jpg,"grapes, vine",
78,img/tt/079tt.jpg,img/gs/079gs.jpg,"bear, brown bear, grizzly",
79,img/tt/080tt.jpg,img/gs/080gs.jpg,"mushroom, fungi",
80,img/tt/081tt.jpg,img/gs/081gs.jpg,"frog, toad, bullfrog",
81,img/tt/082tt.jpg,img/gs/082gs.jpg,"bird, parrot, ",
82,img/tt/083tt.jpg,img/gs/083gs.jpg,"fish, trout, tuna, herring, cod, carp",
83,img/tt/084tt.jpg,img/gs/084gs.jpg,"duck, goose, fowl, swan",
84,img/tt/085tt.jpg,img/gs/085gs.jpg,"grashopper, cricket, locust, mantis, praying mantis",
85,img/tt/086tt.jpg,img/gs/086gs.jpg,"snake, python, mamba, cobra, serpent",
86,img/tt/087tt.jpg,img/gs/087gs.jpg,"canoe, kayak, dog, kayaker",
87,img/tt/088tt.jpg,img/gs/088gs.jpg,elephant,
88,img/tt/089tt.jpg,img/gs/089gs.jpg,"hammock, person, human",
89,img/tt/090tt.jpg,img/gs/090gs.jpg,"mushroom, fungi",
90,img/tt/091tt.jpg,img/gs/091gs.jpg,"iguana, iguanadon, lizard",
91,img/tt/092tt.jpg,img/gs/092gs.jpg,"gramophone, phonograph, record player",
92,img/tt/093tt.jpg,img/gs/093gs.jpg,"tick, spider",
93,img/tt/094tt.jpg,img/gs/094gs.jpg,"wolf, dog",
94,img/tt/095tt.jpg,img/gs/095gs.jpg,"kangaroo, wallaby, wallaroo",
95,img/tt/096tt.jpg,img/gs/096gs.jpg,"piano, grand piano, keyboard",
96,img/tt/097tt.jpg,img/gs/097gs.jpg,ostrich,
97,img/tt/098tt.jpg,img/gs/098gs.jpg,"bird, hummingbird",
98,img/tt/099tt.jpg,img/gs/099gs.jpg,"wheelbarrow, wood",
99,img/tt/100tt.jpg,img/gs/100gs.jpg,"bear, brown bear, grizzly",
100,img/tt/101tt.jpg,img/gs/101gs.jpg,"mug, coffee cup, cup, breakfast, bread, plate, sandwich",
101,img/tt/102tt.jpg,img/gs/102gs.jpg,"gerenuk, gazelle, giraffe gazelle, antelope, deer",
102,img/tt/103tt.jpg,img/gs/103gs.jpg,"squid, tentacles, octopus",
103,img/tt/104tt.jpg,img/gs/104gs.jpg,"frog, toad, bullfrog",
104,img/tt/105tt.jpg,img/gs/105gs.jpg,"paperclips, gem clips, clips, paper fastener",
105,img/tt/106tt.jpg,img/gs/106gs.jpg,"kangaroo, wallaby, wallaroo",
106,img/tt/107tt.jpg,img/gs/107gs.jpg,binoculars,
107,img/tt/108tt.jpg,img/gs/108gs.jpg,"ape, monkey, gorilla",
108,img/tt/109tt.jpg,img/gs/109gs.jpg,"gun, rifle, revolver, firearm, weapon, six-shooter, pistol, handgun",
109,img/tt/110tt.jpg,img/gs/110gs.jpg,horse,
110,img/tt/111tt.jpg,img/gs/111gs.jpg,"shower, showerhead",
111,img/tt/112tt.jpg,img/gs/112gs.jpg,"whistle, referee whistle",
112,img/tt/113tt.jpg,img/gs/113gs.jpg,"backback, bag",
113,img/tt/114tt.jpg,img/gs/114gs.jpg,platypus,
114,img/tt/115tt.jpg,img/gs/115gs.jpg,"starfish, sea star",
115,img/tt/116tt.jpg,img/gs/116gs.jpg,"seat, stool, chair, directorâ€™s chair, folding chair",
116,img/tt/117tt.jpg,img/gs/117gs.jpg,"ape, monkey, gorilla, chimp, chimpanzee, bonobo",
117,img/tt/118tt.jpg,img/gs/118gs.jpg,"chair, seat, stool",
118,img/tt/119tt.jpg,img/gs/119gs.jpg,"pie, cake, birthday cake",
119,img/tt/120tt.jpg,img/gs/120gs.jpg,"person, man, sitting, human",
120,img/tt/121tt.jpg,img/gs/121gs.jpg,"kangaroo, wallaby, wallaroo",
121,img/tt/122tt.jpg,img/gs/122gs.jpg,"buddha, statue",
122,img/tt/123tt.jpg,img/gs/123gs.jpg,"bag, briefcase",
123,img/tt/124tt.jpg,img/gs/124gs.jpg,"ape, monkey, gorilla",
124,img/tt/125tt.jpg,img/gs/125gs.jpg,seahorse,
125,img/tt/126tt.jpg,img/gs/126gs.jpg,"cow, bovine",
126,img/tt/127tt.jpg,img/gs/127gs.jpg,"grashopper, cricket, locust, mantis, praying mantis",
127,img/tt/128tt.jpg,img/gs/128gs.jpg,"grapes, vine",
128,img/tt/129tt.jpg,img/gs/129gs.jpg,"tipi, teepee, wigwam, tent, indian tent",
129,img/tt/130tt.jpg,img/gs/130gs.jpg,camera,
130,img/tt/131tt.jpg,img/gs/131gs.jpg,"camel, dromedary",
131,img/tt/132tt.jpg,img/gs/132gs.jpg,"boys, children, playing, football, soccer, kids",
132,img/tt/133tt.jpg,img/gs/133gs.jpg,"buddha, statue",
133,img/tt/134tt.jpg,img/gs/134gs.jpg,"guitar, electric",
134,img/tt/135tt.jpg,img/gs/135gs.jpg,"toilet, wc, water closet, restroom, lavatory, bathroom, seat",
135,img/tt/136tt.jpg,img/gs/136gs.jpg,"frog, toad, bullfrog",
136,img/tt/137tt.jpg,img/gs/137gs.jpg,"camel, dromedary",
137,img/tt/138tt.jpg,img/gs/138gs.jpg,"kangaroo, wallaby, wallaroo",
138,img/tt/139tt.jpg,img/gs/139gs.jpg,"grashopper, cricket, locust, mantis, praying mantis",
139,img/tt/140tt.jpg,img/gs/140gs.jpg,"forks, cutlery, kitchenware",
140,img/tt/141tt.jpg,img/gs/141gs.jpg,"rhinoceros, rhino, hippopotamus",
141,img/tt/142tt.jpg,img/gs/142gs.jpg,"flamingo, flamingos",
142,img/tt/143tt.jpg,img/gs/143gs.jpg,pyramid,
143,img/tt/144tt.jpg,img/gs/144gs.jpg,"camel, dromedary",
144,img/tt/145tt.jpg,img/gs/145gs.jpg,"frog, toad, bullfrog",
145,img/tt/146tt.jpg,img/gs/146gs.jpg,"cannon, artillery, mortar, battery, gunnery, weapon",
146,img/tt/147tt.jpg,img/gs/147gs.jpg,elephant,
147,img/tt/148tt.jpg,img/gs/148gs.jpg,"sax, saxophone",
148,img/tt/149tt.jpg,img/gs/149gs.jpg,"rhinoceros, rhino, hippopotamus",
149,img/tt/150tt.jpg,img/gs/150gs.jpg,"keg, cask, vat, tub, tun",
150,img/tt/151tt.jpg,img/gs/151gs.jpg,"grashopper, cricket, locust, mantis, praying mantis",
151,img/tt/152tt.jpg,img/gs/152gs.jpg,"crocodile, croc, caiman, alligator",
152,img/tt/153tt.jpg,img/gs/153gs.jpg,"jaguar, leopard, puma, cheetah, tiger, panther, lynx, cougar",
153,img/tt/154tt.jpg,img/gs/154gs.jpg,"hawksbill, tortoise, turtle, sea turtle",
154,img/tt/155tt.jpg,img/gs/155gs.jpg,ostrich,
155,img/tt/156tt.jpg,img/gs/156gs.jpg,"crocodile, croc, caiman, alligator",
156,img/tt/157tt.jpg,img/gs/157gs.jpg,"orca, whale, killer whale, dolphin",
157,img/tt/158tt.jpg,img/gs/158gs.jpg,"boxing gloves, gloves, boxer, boxing",
158,img/tt/159tt.jpg,img/gs/159gs.jpg,"snake, python, mamba, cobra, serpent",
159,img/tt/160tt.jpg,img/gs/160gs.jpg,"cannon, artillery, mortar, battery, gunnery, weapon",
160,img/tt/161tt.jpg,img/gs/161gs.jpg,"canoe, kayak, kayaker",
161,img/tt/162tt.jpg,img/gs/162gs.jpg,"flamingo, flamingos",
162,img/tt/163tt.jpg,img/gs/163gs.jpg,"frog, toad, bullfrog",
163,img/tt/164tt.jpg,img/gs/164gs.jpg,"ewer, can, jug, pitcher, vessel, urn",
164,img/tt/165tt.jpg,img/gs/165gs.jpg,"boat, ship, bateau, yacht, tanker, cruise ship, cruise, ferry",
165,img/tt/166tt.jpg,img/gs/166gs.jpg,"conch, shell, sea",
166,img/tt/167tt.jpg,img/gs/167gs.jpg,"bonsai, tree",
167,img/tt/168tt.jpg,img/gs/168gs.jpg,"buddha, statue",
168,img/tt/169tt.jpg,img/gs/169gs.jpg,spider,
169,img/tt/170tt.jpg,img/gs/170gs.jpg,"jaguar, leopard, puma, cheetah, tiger, panther, lynx, cougar",
170,img/tt/171tt.jpg,img/gs/171gs.jpg,camera,
171,img/tt/172tt.jpg,img/gs/172gs.jpg,"sunflower, flower",
172,img/tt/173tt.jpg,img/gs/173gs.jpg,spider,
173,img/tt/174tt.jpg,img/gs/174gs.jpg,"chopper, helicopter",
174,img/tt/175tt.jpg,img/gs/175gs.jpg,"fly, fruitfly",
175,img/tt/176tt.jpg,img/gs/176gs.jpg,"boat, ship, bateau, yacht, tanker, cruise ship, cruise, ferry",
176,img/tt/177tt.jpg,img/gs/177gs.jpg,"grashopper, cricket, locust, mantis, praying mantis",
177,img/tt/178tt.jpg,img/gs/178gs.jpg,"bird, cormorant",
178,img/tt/179tt.jpg,img/gs/179gs.jpg,"flamingo, flamingos",
179,img/tt/180tt.jpg,img/gs/180gs.jpg,"ewer, can, jug, pitcher, vessel, urn",
180,img/tt/181tt.jpg,img/gs/181gs.jpg,"orca, whale, killer whale, dolphin",
181,img/tt/182tt.jpg,img/gs/182gs.jpg,"bath, tub, bathtub",
182,img/tt/183tt.jpg,img/gs/183gs.jpg,"chair, seat, stool",
183,img/tt/184tt.jpg,img/gs/184gs.jpg,"sandwich, finger, eating, hand, bread",
184,img/tt/185tt.jpg,img/gs/185gs.jpg,"tick, spider",
185,img/tt/186tt.jpg,img/gs/186gs.jpg,"seal, sea lion, walrus",
186,img/tt/187tt.jpg,img/gs/187gs.jpg,owl,
187,img/tt/188tt.jpg,img/gs/188gs.jpg,"sunflower, flower",
188,img/tt/189tt.jpg,img/gs/189gs.jpg,"hammock, person, human",
189,img/tt/190tt.jpg,img/gs/190gs.jpg,"emu, ostrich, bird, turkey, ibis",
190,img/tt/191tt.jpg,img/gs/191gs.jpg,elephant,
191,img/tt/192tt.jpg,img/gs/192gs.jpg,"waterfall, river, cascade, stream",
192,img/tt/193tt.jpg,img/gs/193gs.jpg,butterfly,
193,img/tt/194tt.jpg,img/gs/194gs.jpg,"harp, woman",
194,img/tt/195tt.jpg,img/gs/195gs.jpg,"chicken, cock",
195,img/tt/196tt.jpg,img/gs/196gs.jpg,owl,
196,img/tt/197tt.jpg,img/gs/197gs.jpg,"camel, dromedary",
197,img/tt/198tt.jpg,img/gs/198gs.jpg,"bear, brown bear, grizzly",
198,img/tt/199tt.jpg,img/gs/199gs.jpg,mandolin,
199,img/tt/200tt.jpg,img/gs/200gs.jpg,"bear, arctic bear, polar bear",
200,img/tt/201tt.jpg,img/gs/201gs.jpg,"bath, tub, bathtub",
201,img/tt/202tt.jpg,img/gs/202gs.jpg,"dog, dalmatian, dalmatian dog",
202,img/tt/203tt.jpg,img/gs/203gs.jpg,butterfly,
203,img/tt/204tt.jpg,img/gs/204gs.jpg,"bug, insect",
204,img/tt/205tt.jpg,img/gs/205gs.jpg,"reindeer, deer, moose, elk, wapiti, muntjac, chital, antler",
205,img/tt/206tt.jpg,img/gs/206gs.jpg,ant,
206,img/tt/207tt.jpg,img/gs/207gs.jpg,"house, shed, stable, building, barn, hut",
207,img/tt/208tt.jpg,img/gs/208gs.jpg,giraffe,
208,img/tt/209tt.jpg,img/gs/209gs.jpg,wheelchair,
209,img/tt/210tt.jpg,img/gs/210gs.jpg,butterfly,
210,img/tt/211tt.jpg,img/gs/211gs.jpg,"tuba, trumpet, brass, trombone, sousaphone, contrabass bugles, bugles, horn, french horn, euphonium, tenor horn, baritone horn",
211,img/tt/212tt.jpg,img/gs/212gs.jpg,"gun, rifle, AK47, Kalasjnikov, assault rifle, weapon",
212,img/tt/213tt.jpg,img/gs/213gs.jpg,"lobster, crayfish",
213,img/tt/214tt.jpg,img/gs/214gs.jpg,binoculars,
214,img/tt/215tt.jpg,img/gs/215gs.jpg,"bonsai, tree",
215,img/tt/216tt.jpg,img/gs/216gs.jpg,"tractor, caterpillar, truck, bulldozer",
216,img/tt/217tt.jpg,img/gs/217gs.jpg,"piano, grand piano, keyboard",
217,img/tt/218tt.jpg,img/gs/218gs.jpg,"harp, woman",
218,img/tt/219tt.jpg,img/gs/219gs.jpg,metronome,
219,img/tt/220tt.jpg,img/gs/220gs.jpg,"grashopper, cricket, locust, mantis, praying mantis",
220,img/tt/221tt.jpg,img/gs/221gs.jpg,"duck, goose, fowl, swan",
221,img/tt/222tt.jpg,img/gs/222gs.jpg,"bath, tub, bathtub, couple, man, woman",
222,img/tt/223tt.jpg,img/gs/223gs.jpg,"ibis, bird",
223,img/tt/224tt.jpg,img/gs/224gs.jpg,"guitar, electric",
224,img/tt/225tt.jpg,img/gs/225gs.jpg,"hawk, bird, eagle, buzzard",
225,img/tt/226tt.jpg,img/gs/226gs.jpg,"emu, ostrich, bird, turkey, ibis",
226,img/tt/227tt.jpg,img/gs/227gs.jpg,"buddha, statue",
227,img/tt/228tt.jpg,img/gs/228gs.jpg,"flamingo, flamingos",
228,img/tt/229tt.jpg,img/gs/229gs.jpg,"frog, toad, bullfrog",
229,img/tt/230tt.jpg,img/gs/230gs.jpg,butterfly,
230,img/tt/231tt.jpg,img/gs/231gs.jpg,"wrench, tool",
231,img/tt/232tt.jpg,img/gs/232gs.jpg,penguin,
232,img/tt/233tt.jpg,img/gs/233gs.jpg,"jaguar, leopard, puma, cheetah, tiger, panther, lynx, cougar",
233,img/tt/234tt.jpg,img/gs/234gs.jpg,"ibis, bird, flamingo",
234,img/tt/235tt.jpg,img/gs/235gs.jpg,hotdog,
235,img/tt/236tt.jpg,img/gs/236gs.jpg,owl,
236,img/tt/237tt.jpg,img/gs/237gs.jpg,"dog, greyhound, hound",
237,img/tt/238tt.jpg,img/gs/238gs.jpg,"canoe, kayak, boat, river",
238,img/tt/239tt.jpg,img/gs/239gs.jpg,"shoe, sports shoe, sneaker, running shoes, footwear, pumps",
239,img/tt/240tt.jpg,img/gs/240gs.jpg,binoculars,
240,img/tt/241tt.jpg,img/gs/241gs.jpg,"bug, insect",
241,img/tt/242tt.jpg,img/gs/242gs.jpg,"sax, saxophone",
242,img/tt/243tt.jpg,img/gs/243gs.jpg,"umbrella, sunshade",
243,img/tt/244tt.jpg,img/gs/244gs.jpg,"tipi, teepee, wigwam, tent, indian tent",
244,img/tt/245tt.jpg,img/gs/245gs.jpg,"house, villa, mansion",
245,img/tt/246tt.jpg,img/gs/246gs.jpg,"boat, ship, sailboat, sails, schooner, skiff, bateau, yacht",
246,img/tt/247tt.jpg,img/gs/247gs.jpg,"car, automobile",
247,img/tt/248tt.jpg,img/gs/248gs.jpg,"chopper, helicopter",
248,img/tt/249tt.jpg,img/gs/249gs.jpg,bat,
249,img/tt/250tt.jpg,img/gs/250gs.jpg,watch,
250,img/tt/251tt.jpg,img/gs/251gs.jpg,"ewer, can, jug, pitcher, vessel, urn",
251,img/tt/252tt.jpg,img/gs/252gs.jpg,"squid, tentacles, octopus",
252,img/tt/253tt.jpg,img/gs/253gs.jpg,"bug, insect",
253,img/tt/254tt.jpg,img/gs/254gs.jpg,train,
254,img/tt/255tt.jpg,img/gs/255gs.jpg,"tuba, trumpet, brass, trombone, sousaphone, contrabass bugles, bugles, horn, french horn, euphonium, tenor horn, baritone horn",
255,img/tt/256tt.jpg,img/gs/256gs.jpg,"skunk, badger, stink",
256,img/tt/257tt.jpg,img/gs/257gs.jpg,"grashopper, cricket, locust, mantis, praying mantis",
257,img/tt/258tt.jpg,img/gs/258gs.jpg,"crab, crab fish, lobster, crayfish, crustacean, crawfish",
258,img/tt/259tt.jpg,img/gs/259gs.jpg,chandelier,
259,img/tt/260tt.jpg,img/gs/260gs.jpg,"bug, insect",
260,img/tt/261tt.jpg,img/gs/261gs.jpg,"canoe, kayak, boat, river, kayaker",
261,img/tt/262tt.jpg,img/gs/262gs.jpg,chandelier,
262,img/tt/263tt.jpg,img/gs/263gs.jpg,"mushroom, fungi",
263,img/tt/264tt.jpg,img/gs/264gs.jpg,"duck, goose, fowl, swan",
264,img/tt/265tt.jpg,img/gs/265gs.jpg,"jaguar, leopard, puma, cheetah, tiger, panther, lynx, cougar",
265,img/tt/266tt.jpg,img/gs/266gs.jpg,"bird, hummingbird",
266,img/tt/267tt.jpg,img/gs/267gs.jpg,"conch, shell, sea",
267,img/tt/268tt.jpg,img/gs/268gs.jpg,seahorse,
268,img/tt/269tt.jpg,img/gs/269gs.jpg,"kangaroo, wallaby, wallaroo",
269,img/tt/270tt.jpg,img/gs/270gs.jpg,"reindeer, deer, moose, elk, wapiti, muntjac, chital, antler",
270,img/tt/271tt.jpg,img/gs/271gs.jpg,"billiards, snooker, cue sports, pool",
271,img/tt/272tt.jpg,img/gs/272gs.jpg,"crocodile, croc, caiman, alligator",
272,img/tt/273tt.jpg,img/gs/273gs.jpg,"braces, teeth, dental, fingers, hand",
273,img/tt/274tt.jpg,img/gs/274gs.jpg,spider,
274,img/tt/275tt.jpg,img/gs/275gs.jpg,watch,
275,img/tt/276tt.jpg,img/gs/276gs.jpg,"guitar, acoustic",
276,img/tt/277tt.jpg,img/gs/277gs.jpg,"crab, crab fish, lobster, crayfish, crustacean, crawfish",
277,img/tt/278tt.jpg,img/gs/278gs.jpg,dragonfly,
278,img/tt/279tt.jpg,img/gs/279gs.jpg,"bear, koala, koala bear",
279,img/tt/280tt.jpg,img/gs/280gs.jpg,"jaguar, leopard, puma, cheetah, tiger, panther, lynx, cougar",
280,img/tt/281tt.jpg,img/gs/281gs.jpg,"keg, cask, vat, tub, tun",
281,img/tt/282tt.jpg,img/gs/282gs.jpg,"orca, whale, killer whale, dolphin",
282,img/tt/283tt.jpg,img/gs/283gs.jpg,"iguana, iguanadon, lizard",
283,img/tt/284tt.jpg,img/gs/284gs.jpg,"skate, skates, inline skates, rollerskates, rollerblade",
284,img/tt/285tt.jpg,img/gs/285gs.jpg,"gun, rifle, revolver, firearm, weapon, six-shooter, pistol, handgun",
285,img/tt/286tt.jpg,img/gs/286gs.jpg,"bowling, ball, bowling ball, bowling alley",
286,img/tt/287tt.jpg,img/gs/287gs.jpg,"billiards, snooker, cue sports, pool",
287,img/tt/288tt.jpg,img/gs/288gs.jpg,"plane, aeroplane, airbus, aircraft, airliner, airship, cessna, sports plane, jet, jetplane",
288,img/tt/289tt.jpg,img/gs/289gs.jpg,"reindeer, deer, moose, elk, wapiti, muntjac, chital, antler",
289,img/tt/290tt.jpg,img/gs/290gs.jpg,"flower, hibiscus",
290,img/tt/291tt.jpg,img/gs/291gs.jpg,"panda, bear, panda bear",
291,img/tt/292tt.jpg,img/gs/292gs.jpg,"crocodile, croc, caiman, alligator",
292,img/tt/293tt.jpg,img/gs/293gs.jpg,"flower, lily, lilyflower",
293,img/tt/294tt.jpg,img/gs/294gs.jpg,"guitar, electric",
294,img/tt/295tt.jpg,img/gs/295gs.jpg,ant,
295,img/tt/296tt.jpg,img/gs/296gs.jpg,"hospital, bed,",
296,img/tt/297tt.jpg,img/gs/297gs.jpg,"melon, watermelon",
297,img/tt/298tt.jpg,img/gs/298gs.jpg,"tick, spider",
298,img/tt/299tt.jpg,img/gs/299gs.jpg,"duck, goose, fowl, swan",
299,img/tt/300tt.jpg,img/gs/300gs.jpg,"woman, human, headscarf, sitting, praying",
300,img/tt/301tt.jpg,img/gs/301gs.jpg,"bells, clocks",
301,img/tt/302tt.jpg,img/gs/302gs.jpg,platypus,
302,img/tt/303tt.jpg,img/gs/303gs.jpg,"snail, slug",
303,img/tt/304tt.jpg,img/gs/304gs.jpg,"crab, crab fish, lobster, crayfish, crustacean, crawfish",
304,img/tt/305tt.jpg,img/gs/305gs.jpg,"hawksbill, tortoise, turtle, sea turtle",
305,img/tt/306tt.jpg,img/gs/306gs.jpg,"frog, toad, bullfrog",
306,img/tt/307tt.jpg,img/gs/307gs.jpg,"hawksbill, tortoise, turtle, sea turtle",
307,img/tt/308tt.jpg,img/gs/308gs.jpg,horse,
308,img/tt/309tt.jpg,img/gs/309gs.jpg,"flamingo, flamingos, bird",
309,img/tt/310tt.jpg,img/gs/310gs.jpg,"tuba, trumpet, brass, trombone, sousaphone, contrabass bugles, bugles, horn, french horn, euphonium, tenor horn, baritone horn",
310,img/tt/311tt.jpg,img/gs/311gs.jpg,"starfish, sea star",
311,img/tt/312tt.jpg,img/gs/312gs.jpg,"conch, shell, sea",
312,img/tt/313tt.jpg,img/gs/313gs.jpg,"hammock, person, human, woman, girl",
313,img/tt/314tt.jpg,img/gs/314gs.jpg,"shoe, sports shoe, sneaker, running shoes, footwear, pumps",
314,img/tt/315tt.jpg,img/gs/315gs.jpg,"cat, pussy, feline",
315,img/tt/316tt.jpg,img/gs/316gs.jpg,"bath, tub, bathtub, woman, girl",
316,img/tt/317tt.jpg,img/gs/317gs.jpg,"pie, cake, birthday cake",
317,img/tt/318tt.jpg,img/gs/318gs.jpg,"car, automobile, seat, steering wheel",
318,img/tt/319tt.jpg,img/gs/319gs.jpg,"donkeys, horses",
319,img/tt/320tt.jpg,img/gs/320gs.jpg,strawberry,
320,img/tt/321tt.jpg,img/gs/321gs.jpg,"crocodile, croc, caiman, alligator",
321,img/tt/322tt.jpg,img/gs/322gs.jpg,"hat, cowboy, cowboy hat, stetson",
322,img/tt/323tt.jpg,img/gs/323gs.jpg,"buddha, statue",
323,img/tt/324tt.jpg,img/gs/324gs.jpg,"mushroom, fungi",
324,img/tt/325tt.jpg,img/gs/325gs.jpg,"lightning, bolt, firebolt, storm, thunderstorm",
325,img/tt/326tt.jpg,img/gs/326gs.jpg,"guitar, electric",
326,img/tt/327tt.jpg,img/gs/327gs.jpg,"frog, toad, bullfrog",
327,img/tt/328tt.jpg,img/gs/328gs.jpg,"ape, monkey, chimpanzee, chimp, bonobo",
328,img/tt/329tt.jpg,img/gs/329gs.jpg,"squid, tentacles, octopus",
329,img/tt/330tt.jpg,img/gs/330gs.jpg,"panda, bear, panda bear",
330,img/tt/331tt.jpg,img/gs/331gs.jpg,"ape, monkey, gorilla",
331,img/tt/332tt.jpg,img/gs/332gs.jpg,"iguana, iguanadon, lizard",
332,img/tt/333tt.jpg,img/gs/333gs.jpg,"bird, hummingbird",
333,img/tt/334tt.jpg,img/gs/334gs.jpg,"orca, whale, killer whale, dolphin",
334,img/tt/335tt.jpg,img/gs/335gs.jpg,"bee, wasp, hornet",
335,img/tt/336tt.jpg,img/gs/336gs.jpg,"bug, insect",
336,img/tt/337tt.jpg,img/gs/337gs.jpg,"retriever, dog, golden retriever, labrador, hound",
337,img/tt/338tt.jpg,img/gs/338gs.jpg,donkey,
338,img/tt/339tt.jpg,img/gs/339gs.jpg,watch,
339,img/tt/340tt.jpg,img/gs/340gs.jpg,bulldozer,
340,img/tt/341tt.jpg,img/gs/341gs.jpg,"squid, tentacles, octopus",
341,img/tt/342tt.jpg,img/gs/342gs.jpg,"crab, crab fish, lobster, crayfish, crustacean, crawfish",
342,img/tt/343tt.jpg,img/gs/343gs.jpg,"frog, toad, bullfrog",
343,img/tt/344tt.jpg,img/gs/344gs.jpg,"tank, armoured vehicle",
344,img/tt/345tt.jpg,img/gs/345gs.jpg,"emu, ostrich, bird, turkey, ibis",
345,img/tt/346tt.jpg,img/gs/346gs.jpg,"goat, buck",
346,img/tt/347tt.jpg,img/gs/347gs.jpg,"cannon, artillery, mortar, battery, gunnery, weapon",
347,img/tt/348tt.jpg,img/gs/348gs.jpg,"canoe, kayak, boat, river, kayaker",
348,img/tt/349tt.jpg,img/gs/349gs.jpg,"jaguar, leopard, puma, cheetah, tiger, panther, lynx, cougar",
349,img/tt/350tt.jpg,img/gs/350gs.jpg,"squid, tentacles, octopus",
350,img/tt/351tt.jpg,img/gs/351gs.jpg,bananas,
351,img/tt/352tt.jpg,img/gs/352gs.jpg,"ape, monkey, chimpanzee, chimp, bonobo",
352,img/tt/353tt.jpg,img/gs/353gs.jpg,penguins,
353,img/tt/354tt.jpg,img/gs/354gs.jpg,elephant,
354,img/tt/355tt.jpg,img/gs/355gs.jpg,"gun, rifle, revolver, firearm, weapon, six-shooter, pistol, handgun",
355,img/tt/356tt.jpg,img/gs/356gs.jpg,"snail, slug",
356,img/tt/357tt.jpg,img/gs/357gs.jpg,hedgehog,
357,img/tt/358tt.jpg,img/gs/358gs.jpg,"camel, dromedary",
358,img/tt/359tt.jpg,img/gs/359gs.jpg,pyramid,
359,img/tt/360tt.jpg,img/gs/360gs.jpg,"bear, brown bear, grizzly",
360,img/tt/361tt.jpg,img/gs/361gs.jpg,"flamingo, flamingos",
361,img/tt/362tt.jpg,img/gs/362gs.jpg,"flower, lily, lilyflower",
362,img/tt/363tt.jpg,img/gs/363gs.jpg,"kangaroo, wallaby, wallaroo",
363,img/tt/364tt.jpg,img/gs/364gs.jpg,okapi,
364,img/tt/365tt.jpg,img/gs/365gs.jpg,"flamingo, flamingos",
365,img/tt/366tt.jpg,img/gs/366gs.jpg,"ape, monkey, gorilla",
366,img/tt/367tt.jpg,img/gs/367gs.jpg,"tuba, trumpet, brass, trombone, sousaphone, contrabass bugles, bugles, horn, french horn, euphonium, tenor horn, baritone horn",
367,img/tt/368tt.jpg,img/gs/368gs.jpg,"saddle, horse, horse saddle, leather",
368,img/tt/369tt.jpg,img/gs/369gs.jpg,"panda, bear, panda bear",
369,img/tt/370tt.jpg,img/gs/370gs.jpg,penguin,
370,img/tt/371tt.jpg,img/gs/371gs.jpg,cactus,
371,img/tt/372tt.jpg,img/gs/372gs.jpg,"tuba, trumpet, brass, trombone, sousaphone, contrabass bugles, bugles, horn, french horn, euphonium, tenor horn, baritone horn",
372,img/tt/373tt.jpg,img/gs/373gs.jpg,"frog, toad, bullfrog",
373,img/tt/374tt.jpg,img/gs/374gs.jpg,"ape, monkey, gorilla",
374,img/tt/375tt.jpg,img/gs/375gs.jpg,camera,
375,img/tt/376tt.jpg,img/gs/376gs.jpg,"mug, coffee cup, cup, tea cup",
376,img/tt/377tt.jpg,img/gs/377gs.jpg,"flower, lily, lilyflower",
377,img/tt/378tt.jpg,img/gs/378gs.jpg,"jaguar, leopard, puma, cheetah, tiger, panther, lynx, cougar",
378,img/tt/379tt.jpg,img/gs/379gs.jpg,"crab, crab fish, lobster, crayfish, crustacean, crawfish",
379,img/tt/380tt.jpg,img/gs/380gs.jpg,"billiards, snooker, cue sports, pool",
380,img/tt/381tt.jpg,img/gs/381gs.jpg,"camel, dromedary",
381,img/tt/382tt.jpg,img/gs/382gs.jpg,"teapot, kettle, pot",
382,img/tt/383tt.jpg,img/gs/383gs.jpg,"squirrel, chipmunk, marmot",
383,img/tt/384tt.jpg,img/gs/384gs.jpg,"snake, python, mamba, cobra, serpent, adder",
384,img/tt/385tt.jpg,img/gs/385gs.jpg,"crocodile, croc, caiman, alligator",
385,img/tt/386tt.jpg,img/gs/386gs.jpg,"gerenuk, gazelle, giraffe gazelle, antelope, deer",
386,img/tt/387tt.jpg,img/gs/387gs.jpg,"billiards, snooker, cue sports, pool",
387,img/tt/388tt.jpg,img/gs/388gs.jpg,"frog, toad, bullfrog",
388,img/tt/389tt.jpg,img/gs/389gs.jpg,"waterfall, river, cascade, stream",
389,img/tt/390tt.jpg,img/gs/390gs.jpg,"horse, jockey, horserider",
390,img/tt/391tt.jpg,img/gs/391gs.jpg,"basketball, ring, basket, hoop, backboard",
391,img/tt/392tt.jpg,img/gs/392gs.jpg,"cannon, artillery, mortar, battery, gunnery, weapon",
392,img/tt/393tt.jpg,img/gs/393gs.jpg,"fish, trout, tuna, herring, cod, carp",
393,img/tt/394tt.jpg,img/gs/394gs.jpg,seahorse,
394,img/tt/395tt.jpg,img/gs/395gs.jpg,"orca, whale, killer whale, dolphin",
395,img/tt/396tt.jpg,img/gs/396gs.jpg,"ape, monkey, chimpanzee, chimp, bonobo, gorilla",
396,img/tt/397tt.jpg,img/gs/397gs.jpg,"ibis, bird",
397,img/tt/398tt.jpg,img/gs/398gs.jpg,"dog, greyhound, hound",
398,img/tt/399tt.jpg,img/gs/399gs.jpg,"gun, rifle, revolver, firearm, weapon, six-shooter, pistol, handgun",
399,img/tt/400tt.jpg,img/gs/400gs.jpg,"knifes, kitchen",
400,img/tt/401tt.jpg,img/gs/401gs.jpg,"guitar, electric",
401,img/tt/402tt.jpg,img/gs/402gs.jpg,"buddha, statue",
402,img/tt/403tt.jpg,img/gs/403gs.jpg,butterfly,
403,img/tt/404tt.jpg,img/gs/404gs.jpg,"camel, dromedary",
404,img/tt/405tt.jpg,img/gs/405gs.jpg,"bear, koala, koala bear",
405,img/tt/406tt.jpg,img/gs/406gs.jpg,bat,
406,img/tt/407tt.jpg,img/gs/407gs.jpg,penguins,
407,img/tt/408tt.jpg,img/gs/408gs.jpg,"gun, rifle, revolver, firearm, weapon, six-shooter, pistol, handgun",
408,img/tt/409tt.jpg,img/gs/409gs.jpg,"teapot, kettle, pot",
409,img/tt/410tt.jpg,img/gs/410gs.jpg,owl,
410,img/tt/411tt.jpg,img/gs/411gs.jpg,"dog, hound",
411,img/tt/412tt.jpg,img/gs/412gs.jpg,binoculars,
412,img/tt/413tt.jpg,img/gs/413gs.jpg,scorpion,
413,img/tt/414tt.jpg,img/gs/414gs.jpg,"jaguar, leopard, puma, cheetah, tiger, panther, lynx, cougar",
414,img/tt/415tt.jpg,img/gs/415gs.jpg,"guitar, electric",
415,img/tt/416tt.jpg,img/gs/416gs.jpg,ostrich,
416,img/tt/417tt.jpg,img/gs/417gs.jpg,"crab, crab fish, lobster, crayfish, crustacean, crawfish",
417,img/tt/418tt.jpg,img/gs/418gs.jpg,"tomato, tomatoes",
418,img/tt/419tt.jpg,img/gs/419gs.jpg,"raccoon, racoon, bear",
419,img/tt/420tt.jpg,img/gs/420gs.jpg,"Dog, hound",
420,img/tt/421tt.jpg,img/gs/421gs.jpg,"hawksbill, tortoise, turtle, sea turtle",
421,img/tt/422tt.jpg,img/gs/422gs.jpg,anchor,
422,img/tt/423tt.jpg,img/gs/423gs.jpg,"raccoon, racoon, bear",
423,img/tt/424tt.jpg,img/gs/424gs.jpg,bat,
424,img/tt/425tt.jpg,img/gs/425gs.jpg,"duck, goose, fowl, swan",
425,img/tt/426tt.jpg,img/gs/426gs.jpg,"owl, owls",
426,img/tt/427tt.jpg,img/gs/427gs.jpg,"canoe, kayak, boat, river",
427,img/tt/428tt.jpg,img/gs/428gs.jpg,"dragonfly, insect",
428,img/tt/429tt.jpg,img/gs/429gs.jpg,"backback, bag",
429,img/tt/430tt.jpg,img/gs/430gs.jpg,"reindeer, deer, moose, elk, wapiti, muntjac, chital, antler",
430,img/tt/431tt.jpg,img/gs/431gs.jpg,scorpion,
431,img/tt/432tt.jpg,img/gs/432gs.jpg,butterfly,
432,img/tt/433tt.jpg,img/gs/433gs.jpg,penguin,
433,img/tt/434tt.jpg,img/gs/434gs.jpg,"ewer, can, jug, pitcher, vessel, urn, carafe, decanter, bottle",
434,img/tt/435tt.jpg,img/gs/435gs.jpg,"billiards, snooker, cue sports, pool",
435,img/tt/436tt.jpg,img/gs/436gs.jpg,"iguana, iguanadon, lizard",
436,img/tt/437tt.jpg,img/gs/437gs.jpg,elephant,
437,img/tt/438tt.jpg,img/gs/438gs.jpg,"snake, python, mamba, cobra, serpent",
438,img/tt/439tt.jpg,img/gs/439gs.jpg,"basketball, ring, basket, hoop, backboard",
439,img/tt/440tt.jpg,img/gs/440gs.jpg,"camel, dromedary",
440,img/tt/441tt.jpg,img/gs/441gs.jpg,"flamingo, flamingos, duck, swan",
441,img/tt/442tt.jpg,img/gs/442gs.jpg,cactus,
442,img/tt/443tt.jpg,img/gs/443gs.jpg,"plane, aeroplane, airbus, aircraft, airliner, airship, cessna, sports plane, jet, jetplane",
443,img/tt/444tt.jpg,img/gs/444gs.jpg,"frog, toad, bullfrog",
444,img/tt/445tt.jpg,img/gs/445gs.jpg,"buddha, statue",
445,img/tt/446tt.jpg,img/gs/446gs.jpg,"headphone, earphone, ear, keyboard, keys",
446,img/tt/447tt.jpg,img/gs/447gs.jpg,ostrich,
447,img/tt/448tt.jpg,img/gs/448gs.jpg,"grashopper, cricket, locust, mantis, praying mantis",
448,img/tt/449tt.jpg,img/gs/449gs.jpg,"chopper, helicopter",
449,img/tt/450tt.jpg,img/gs/450gs.jpg,"gramophone, phonograph, record player",
450,img/tt/451tt.jpg,img/gs/451gs.jpg,"panda, bear, panda bear",
451,img/tt/452tt.jpg,img/gs/452gs.jpg,"girl, woman, human, child",
452,img/tt/453tt.jpg,img/gs/453gs.jpg,"car, automobile",
453,img/tt/454tt.jpg,img/gs/454gs.jpg,"crab, crab fish, lobster, crayfish, crustacean, crawfish",
454,img/tt/455tt.jpg,img/gs/455gs.jpg,"flower, hibiscus",
455,img/tt/456tt.jpg,img/gs/456gs.jpg,"bear, arctic bear, polar bear",
456,img/tt/457tt.jpg,img/gs/457gs.jpg,penguin,
457,img/tt/458tt.jpg,img/gs/458gs.jpg,wheelbarrow,
458,img/tt/459tt.jpg,img/gs/459gs.jpg,"raccoon, racoon, bear",
459,img/tt/460tt.jpg,img/gs/460gs.jpg,"pocket knife, knife",
460,img/tt/461tt.jpg,img/gs/461gs.jpg,"spider, tarantula",
461,img/tt/462tt.jpg,img/gs/462gs.jpg,"centipede, millipede",
462,img/tt/463tt.jpg,img/gs/463gs.jpg,"hawksbill, tortoise, turtle, sea turtle",
463,img/tt/464tt.jpg,img/gs/464gs.jpg,"bear, arctic bear, polar bear",
464,img/tt/465tt.jpg,img/gs/465gs.jpg,butterfly,
465,img/tt/466tt.jpg,img/gs/466gs.jpg,"skier, skiing, ski",
466,img/tt/467tt.jpg,img/gs/467gs.jpg,"duck, goose, fowl, swan, emu, ostrich, bird, turkey, ibis",
467,img/tt/468tt.jpg,img/gs/468gs.jpg,"violin, cello",
468,img/tt/469tt.jpg,img/gs/469gs.jpg,elephant,
469,img/tt/470tt.jpg,img/gs/470gs.jpg,"duck, goose, fowl, swan",
470,img/tt/471tt.jpg,img/gs/471gs.jpg,"ewer, can, jug, pitcher, vessel, urn",
471,img/tt/472tt.jpg,img/gs/472gs.jpg,"hawksbill, tortoise, turtle, sea turtle",
472,img/tt/473tt.jpg,img/gs/473gs.jpg,camera,
473,img/tt/474tt.jpg,img/gs/474gs.jpg,butterfly,
474,img/tt/475tt.jpg,img/gs/475gs.jpg,"headphone, earphone, ear",
475,img/tt/476tt.jpg,img/gs/476gs.jpg,scorpion,
476,img/tt/477tt.jpg,img/gs/477gs.jpg,"fish, goldfish, bowl",
477,img/tt/478tt.jpg,img/gs/478gs.jpg,"buddha, statue",
478,img/tt/479tt.jpg,img/gs/479gs.jpg,"canoe, kayak, boat, river",
479,img/tt/480tt.jpg,img/gs/480gs.jpg,"ladybug, lady beetle, ladybird",
480,img/tt/481tt.jpg,img/gs/481gs.jpg,"dog, dogs, hound",
481,img/tt/482tt.jpg,img/gs/482gs.jpg,"bonsai, tree",
482,img/tt/483tt.jpg,img/gs/483gs.jpg,"frog, toad, bullfrog",
483,img/tt/484tt.jpg,img/gs/484gs.jpg,"guitar, electric",
484,img/tt/485tt.jpg,img/gs/485gs.jpg,"car, automobile",
485,img/tt/486tt.jpg,img/gs/486gs.jpg,"chipmunk, squirrel",
486,img/tt/487tt.jpg,img/gs/487gs.jpg,"dog, greyhound, hound",
487,img/tt/488tt.jpg,img/gs/488gs.jpg,dragonfly,
488,img/tt/489tt.jpg,img/gs/489gs.jpg,"bear, brown bear, grizzly",
489,img/tt/490tt.jpg,img/gs/490gs.jpg,"mandolin, guitar",
490,img/tt/491tt.jpg,img/gs/491gs.jpg,orange,
491,img/tt/492tt.jpg,img/gs/492gs.jpg,"jaguar, leopard, puma, cheetah, tiger, panther, lynx, cougar",
492,img/tt/493tt.jpg,img/gs/493gs.jpg,bat,
493,img/tt/494tt.jpg,img/gs/494gs.jpg,penguin,
494,img/tt/495tt.jpg,img/gs/495gs.jpg,elephant,
495,img/tt/496tt.jpg,img/gs/496gs.jpg,"dog, pug, puppy",
496,img/tt/497tt.jpg,img/gs/497gs.jpg,"stove, fire, cooking, plate",
497,img/tt/498tt.jpg,img/gs/498gs.jpg,"tuba, trumpet, brass, trombone, sousaphone, contrabass bugles, bugles, horn, french horn, euphonium, tenor horn, baritone horn",
498,img/tt/499tt.jpg,img/gs/499gs.jpg,"jaguar, leopard, puma, cheetah, tiger, panther, lynx, cougar",
499,img/tt/500tt.jpg,img/gs/500gs.jpg,horse,
500,img/tt/501tt.jpg,img/gs/501gs.jpg,"boat, ship, bateau, yacht, tanker, cruise ship, cruise, ferry",
501,img/tt/502tt.jpg,img/gs/502gs.jpg,"rhinoceros, rhino, hippopotamus",
502,img/tt/503tt.jpg,img/gs/503gs.jpg,giraffe,
503,img/tt/504tt.jpg,img/gs/504gs.jpg,"cat, pussy, feline",
504,img/tt/505tt.jpg,img/gs/505gs.jpg,owl,
505,img/tt/506tt.jpg,img/gs/506gs.jpg,"centipede, millipede",
506,img/tt/507tt.jpg,img/gs/507gs.jpg,"woman, human, dancer, dancing, lady, superwoman",
507,img/tt/508tt.jpg,img/gs/508gs.jpg,butterfly,
508,img/tt/509tt.jpg,img/gs/509gs.jpg,okapi,
509,img/tt/510tt.jpg,img/gs/510gs.jpg,"flower, hibiscus",
510,img/tt/511tt.jpg,img/gs/511gs.jpg,"jellyfish, sea jelly",
511,img/tt/512tt.jpg,img/gs/512gs.jpg,"centipede, millipede",
512,img/tt/513tt.jpg,img/gs/513gs.jpg,"chair, seat, stool, rocking chair",
513,img/tt/514tt.jpg,img/gs/514gs.jpg,elephant,
514,img/tt/515tt.jpg,img/gs/515gs.jpg,"bird, sparrow",
515,img/tt/516tt.jpg,img/gs/516gs.jpg,"gun, rifle, shotgun, firearm, weapon",
516,img/tt/517tt.jpg,img/gs/517gs.jpg,"raccoon, racoon, bear",
517,img/tt/518tt.jpg,img/gs/518gs.jpg,"skateboard, skate, shoe",
518,img/tt/519tt.jpg,img/gs/519gs.jpg,"jaguar, leopard, puma, cheetah, tiger, panther, lynx, cougar",
519,img/tt/520tt.jpg,img/gs/520gs.jpg,"jaguar, leopard, puma, cheetah, tiger, panther, lynx, cougar",
520,img/tt/521tt.jpg,img/gs/521gs.jpg,"orca, whale, killer whale, dolphin",
521,img/tt/522tt.jpg,img/gs/522gs.jpg,"cat, pussy, feline",
522,img/tt/523tt.jpg,img/gs/523gs.jpg,"bear, brown bear, grizzly",
523,img/tt/524tt.jpg,img/gs/524gs.jpg,ostrich,
524,img/tt/525tt.jpg,img/gs/525gs.jpg,"chair, seat, stool",
525,img/tt/526tt.jpg,img/gs/526gs.jpg,"watermelon, melon",
526,img/tt/527tt.jpg,img/gs/527gs.jpg,"motorcycle, motor, motorbike, bike",
527,img/tt/528tt.jpg,img/gs/528gs.jpg,hedgehog,
528,img/tt/529tt.jpg,img/gs/529gs.jpg,"paperclips, gem clips, clips, paper fastener",
529,img/tt/530tt.jpg,img/gs/530gs.jpg,"kolibri, bird, hummingbird,",
530,img/tt/531tt.jpg,img/gs/531gs.jpg,sushi,
531,img/tt/532tt.jpg,img/gs/532gs.jpg,hamburger,
532,img/tt/533tt.jpg,img/gs/533gs.jpg,"pens, pen",
533,img/tt/534tt.jpg,img/gs/534gs.jpg,cactus,
534,img/tt/535tt.jpg,img/gs/535gs.jpg,"mandolin, guitar",
535,img/tt/536tt.jpg,img/gs/536gs.jpg,"duck, goose, fowl, swan",
536,img/tt/537tt.jpg,img/gs/537gs.jpg,anchor,
537,img/tt/538tt.jpg,img/gs/538gs.jpg,"car, automobile",
538,img/tt/539tt.jpg,img/gs/539gs.jpg,"orca, whale, killer whale, dolphin",
539,img/tt/540tt.jpg,img/gs/540gs.jpg,"man, farmer, field, worker, planting, sowing",
540,img/tt/541tt.jpg,img/gs/541gs.jpg,"bird, sparrow",
541,img/tt/542tt.jpg,img/gs/542gs.jpg,"fish, trout, tuna, herring, cod, carp, coi, coi carp, coi fish",
542,img/tt/543tt.jpg,img/gs/543gs.jpg,"lily, lily flower, flower",
543,img/tt/544tt.jpg,img/gs/544gs.jpg,elephant,
544,img/tt/545tt.jpg,img/gs/545gs.jpg,wheelbarrow,
545,img/tt/546tt.jpg,img/gs/546gs.jpg,wheelchair,
546,img/tt/547tt.jpg,img/gs/547gs.jpg,"headphone, earphone, ear",
547,img/tt/548tt.jpg,img/gs/548gs.jpg,"dog, dalmatian, dalmatian dog",
548,img/tt/549tt.jpg,img/gs/549gs.jpg,"grashopper, cricket, locust, mantis, praying mantis",
549,img/tt/550tt.jpg,img/gs/550gs.jpg,mussels,
550,img/tt/551tt.jpg,img/gs/551gs.jpg,"centipede, millipede",
551,img/tt/552tt.jpg,img/gs/552gs.jpg,"skunk, badger, stink",
552,img/tt/553tt.jpg,img/gs/553gs.jpg,"snake, python, mamba, cobra, serpent",
553,img/tt/554tt.jpg,img/gs/554gs.jpg,"boat, ship, sailboat, sails, schooner, skiff, bateau, yacht",
554,img/tt/555tt.jpg,img/gs/555gs.jpg,okapi,
555,img/tt/556tt.jpg,img/gs/556gs.jpg,"frog, toad, bullfrog",
556,img/tt/557tt.jpg,img/gs/557gs.jpg,"brain, brains, cerebrum",
557,img/tt/558tt.jpg,img/gs/558gs.jpg,"flamingo, flamingos",
558,img/tt/559tt.jpg,img/gs/559gs.jpg,"sewing machine, sewing, stitching machine, stitcher, sewer",
559,img/tt/560tt.jpg,img/gs/560gs.jpg,"flower, sunflower",
560,img/tt/561tt.jpg,img/gs/561gs.jpg,"cock, chicken",
561,img/tt/562tt.jpg,img/gs/562gs.jpg,"pepper, paprika",
562,img/tt/563tt.jpg,img/gs/563gs.jpg,ostrich,
563,img/tt/564tt.jpg,img/gs/564gs.jpg,"plane, aeroplane, airbus, aircraft, airliner, airship, cessna, sports plane, jet, jetplane",
564,img/tt/565tt.jpg,img/gs/565gs.jpg,"cards, playing cards",
565,img/tt/566tt.jpg,img/gs/566gs.jpg,"dog, dalmatian, dalmatian dog",
566,img/tt/567tt.jpg,img/gs/567gs.jpg,toaster,
567,img/tt/568tt.jpg,img/gs/568gs.jpg,"piano, grand piano, keyboard",
568,img/tt/569tt.jpg,img/gs/569gs.jpg,"basketball, ring, basket, hoop, backboard",
569,img/tt/570tt.jpg,img/gs/570gs.jpg,"panda, bear, panda bear",
570,img/tt/571tt.jpg,img/gs/571gs.jpg,"buddha, statue",
571,img/tt/572tt.jpg,img/gs/572gs.jpg,"jaguar, leopard, puma, cheetah, tiger, panther, lynx, cougar",
572,img/tt/573tt.jpg,img/gs/573gs.jpg,"rabbit, hare",
573,img/tt/574tt.jpg,img/gs/574gs.jpg,"basketball, ring, basket, hoop, backboard",
574,img/tt/575tt.jpg,img/gs/575gs.jpg,"kangaroo, wallaby, wallaroo",
575,img/tt/576tt.jpg,img/gs/576gs.jpg,"tick, spider",
576,img/tt/577tt.jpg,img/gs/577gs.jpg,dragonfly,
577,img/tt/578tt.jpg,img/gs/578gs.jpg,"furn, furns, plant, furn plant",
578,img/tt/579tt.jpg,img/gs/579gs.jpg,"tipi, teepee, wigwam, tent, indian tent",
579,img/tt/580tt.jpg,img/gs/580gs.jpg,"raccoon, racoon, bear",
580,img/tt/581tt.jpg,img/gs/581gs.jpg,"socks, stockings",
581,img/tt/582tt.jpg,img/gs/582gs.jpg,"goat, buck",
582,img/tt/583tt.jpg,img/gs/583gs.jpg,"grashopper, cricket, locust, mantis, praying mantis",
583,img/tt/584tt.jpg,img/gs/584gs.jpg,"pliers, stripping tool, pincer, tool",
584,img/tt/585tt.jpg,img/gs/585gs.jpg,"canoe, kayak, boat, river",
585,img/tt/586tt.jpg,img/gs/586gs.jpg,dragonfly,
586,img/tt/587tt.jpg,img/gs/587gs.jpg,penguin,
587,img/tt/588tt.jpg,img/gs/588gs.jpg,"duck, goose, fowl, swan, ibis",
588,img/tt/589tt.jpg,img/gs/589gs.jpg,"rhinoceros, rhino, hippopotamus",
589,img/tt/590tt.jpg,img/gs/590gs.jpg,"cannon, artillery, mortar, battery, gunnery, weapon",
590,img/tt/591tt.jpg,img/gs/591gs.jpg,camera,
591,img/tt/592tt.jpg,img/gs/592gs.jpg,"ostrich, emu",
592,img/tt/593tt.jpg,img/gs/593gs.jpg,"billiards, snooker, cue sports, pool",
593,img/tt/594tt.jpg,img/gs/594gs.jpg,"mushroom, fungi",
594,img/tt/595tt.jpg,img/gs/595gs.jpg,"bear, brown bear, grizzly",
595,img/tt/596tt.jpg,img/gs/596gs.jpg,penguin,
596,img/tt/597tt.jpg,img/gs/597gs.jpg,"iguana, iguanadon, lizard",
597,img/tt/598tt.jpg,img/gs/598gs.jpg,"snail, slug",
598,img/tt/599tt.jpg,img/gs/599gs.jpg,"owl, owls",
599,img/tt/600tt.jpg,img/gs/600gs.jpg,stapler,
600,img/tt/601tt.jpg,img/gs/601gs.jpg,"tipi, teepee, wigwam, tent, indian tent",
601,img/tt/602tt.jpg,img/gs/602gs.jpg,"snail, slug",
602,img/tt/603tt.jpg,img/gs/603gs.jpg,"cat, pussy, feline",