i	mooneys	solution	labelsEn	labelsNl
0	img/tt/001tt.jpg	img/gs/001gs.jpg	owl	uil
1	img/tt/007tt.jpg	img/gs/007gs.jpg	frog, toad, bullfrog	kikker, pad
2	img/tt/008tt.jpg	img/gs/008gs.jpg	gun, rifle, shotgun, firearm, weapon	geweer, jachtgeweer, wapen, vuurwapen
3	img/tt/009tt.jpg	img/gs/009gs.jpg	bananas	bananen
4	img/tt/010tt.jpg	img/gs/010gs.jpg	bat	vleermuis
5	img/tt/013tt.jpg	img/gs/013gs.jpg	camel, dromedary	kameel, dromedaris
6	img/tt/014tt.jpg	img/gs/014gs.jpg	ape, monkey, gorilla	aap, gorilla
7	img/tt/018tt.jpg	img/gs/018gs.jpg	squirrel, chipmunk, marmot	eekhoorn, muis, hamster, marmot, cavia
8	img/tt/019tt.jpg	img/gs/019gs.jpg	pliers, stripping tool, pincer	nijptang
9	img/tt/020tt.jpg	img/gs/020gs.jpg	jesus, christ, jesus christ, lord, messiah	jezus, christus, jezus christus, heer, messias
10	img/tt/025tt.jpg	img/gs/025gs.jpg	tipi, teepee, wigwam, tent, indian tent	tipi, tent, Indiaanse tent,teepee, wigwam
11	img/tt/026tt.jpg	img/gs/026gs.jpg	gramophone, phonograph, record player	platenspeler, grammofoon
12	img/tt/030tt.jpg	img/gs/030gs.jpg	hamburger, burger	hamburger, burger
13	img/tt/031tt.jpg	img/gs/031gs.jpg	bear, brown bear, grizzly, grizzly bear	beer, bruine beer, grizzly, grizzly beer
14	img/tt/032tt.jpg	img/gs/032gs.jpg	zipper, zip, zip-fastener, slide-fastener	rits
15	img/tt/033tt.jpg	img/gs/033gs.jpg	bike, bicycle, velocipede, cycle, sports bike, racing bike, racing	fiets, koersfiets, sportfiets, racefiets
16	img/tt/035tt.jpg	img/gs/035gs.jpg	waterfall, river, cascade, stream	waterval, rivier, stroom, waterstroom, water, golf, stortvloed
17	img/tt/036tt.jpg	img/gs/036gs.jpg	lightning, bolt, firebolt, storm, thunderstorm, lightning bolt	bliksem, storm, lichtflits, flits, donderstorm
18	img/tt/037tt.jpg	img/gs/037gs.jpg	reindeer, deer, moose, elk, wapiti, muntjac, chital, antlers	rendier, eland, hert, wapiti, gewei
19	img/tt/038tt.jpg	img/gs/038gs.jpg	bear, teddybear, teddy, toy, stuffed animal, stuffed	knuffel, teddybeer, teddy, beertje, beer, speeltje, speelgoed
20	img/tt/039tt.jpg	img/gs/039gs.jpg	ape, monkey, gorilla	aap, gorilla
21	img/tt/040tt.jpg	img/gs/040gs.jpg	ape, monkey, gorilla, chimp, chimpanzee, bonobo	aap, gorilla, chimpansee, bonobo
22	img/tt/042tt.jpg	img/gs/042gs.jpg	baseball glove, glove, baseball	handschoen, baseball, baseballhandschoen 
23	img/tt/043tt.jpg	img/gs/043gs.jpg	bowling, ball, bowling ball, hand, finger	bowling, bal, bowlingbal, hand, vinger, onderarm
24	img/tt/044tt.jpg	img/gs/044gs.jpg	coffin, casket, funerary box, death, dead person, dead, deceased, dead body, body, departed	doodskist, kist, dode, dood persoon, dood, lichaam, dood lichaam
25	img/tt/046tt.jpg	img/gs/046gs.jpg	dog, labrador, pup, puppy, hound, mutt, mongrel	hond, labrador, pup, puppy
26	img/tt/048tt.jpg	img/gs/048gs.jpg	bear, arctic bear, polar bear, tire, car tire	beer, ijsbeer, poolbeer, band, autoband
27	img/tt/049tt.jpg	img/gs/049gs.jpg	emu, ostrich, bird, turkey, ibis	emoe, struisvogel, loopvogel, vogel, kalkoen
28	img/tt/052tt.jpg	img/gs/052gs.jpg	ring, jewel, jewelry, diamond, diamond ring	ring, sierraad, diamant, diamanten ring 
29	img/tt/053tt.jpg	img/gs/053gs.jpg	waterfall, river, cascade, stream, kayak, canoe	waterval, rivier, stroom, waterstroom, water, golf, stortvloed, kayak, kano
30	img/tt/055tt.jpg	img/gs/055gs.jpg	saddle, horse, horse saddle, leather	zadel, paard, leer, paardrijzadel
31	img/tt/056tt.jpg	img/gs/056gs.jpg	jaguar, leopard, puma, cheetah, tiger, panther, lynx, cougar	jaguar, jachtluipaard, luipaard, poema, cheetah, tijger, leeuw, lynx, panter, katachtige
32	img/tt/057tt.jpg	img/gs/057gs.jpg	tractor, caterpillar, truck, bulldozer	tractor, bulldozer, camion, vrachtwagen
33	img/tt/060tt.jpg	img/gs/060gs.jpg	hamburger, burger, fries, food, french fries, chips,	hamburger, burger, frieten, voedsel, frietjes, fastfood
34	img/tt/062tt.jpg	img/gs/062gs.jpg	owl	uil
35	img/tt/063tt.jpg	img/gs/063gs.jpg	accordion, bandoneon, squeezebox	accordeon, instrument, muziekinstrument
36	img/tt/064tt.jpg	img/gs/064gs.jpg	hawksbill, tortoise, turtle, sea turtle	schildpad, zeeschildpad
37	img/tt/065tt.jpg	img/gs/065gs.jpg	grasshopper, cricket, locust, mantis, praying mantis	sprinkhaan, krekel
38	img/tt/067tt.jpg	img/gs/067gs.jpg	piano, grand piano, keyboard	piano, vleugelpiano, keyboard
39	img/tt/068tt.jpg	img/gs/068gs.jpg	boat, ship, sailboat, sails, schooner, skiff, bateau, yacht	boot, zeilboot, schip, zeil, vaartuig, jacht
40	img/tt/069tt.jpg	img/gs/069gs.jpg	snake, python, mamba, cobra, serpent	slang, ratelslang, python, mamba, cobra, boa, adder
41	img/tt/072tt.jpg	img/gs/072gs.jpg	ostrich, emu, bird	struisvogel, emoe, vogel
42	img/tt/073tt.jpg	img/gs/073gs.jpg	backback, bag, schoolbag	tas, schooltas, zak, rugzak
43	img/tt/074tt.jpg	img/gs/074gs.jpg	pineapple, ananas, pineapple tree	ananas, ananasplant, ananasboom 
44	img/tt/076tt.jpg	img/gs/076gs.jpg	skate, skates, inline skates, rollerskates, rollerblades	rolschaats, rolschaatsen, skaten
45	img/tt/078tt.jpg	img/gs/078gs.jpg	grapes, vine	druif, druiven, wijn, tros, tros druiven, druivenplant
46	img/tt/079tt.jpg	img/gs/079gs.jpg	bear, brown bear, grizzly, grizzly bear	beer, bruine beer, grizzly, grizzly beer
47	img/tt/080tt.jpg	img/gs/080gs.jpg	mushroom, fungi, fungus, frog, toad, bullfrog, lizard	champignon, paddenstoel, pad, kikker, fungus 
48	img/tt/081tt.jpg	img/gs/081gs.jpg	frog, toad, bullfrog	kikker, pad
49	img/tt/082tt.jpg	img/gs/082gs.jpg	bird, parrot, cockatiel	vogel, papegaai, 
50	img/tt/084tt.jpg	img/gs/084gs.jpg	duck, goose, fowl, swan	eend, gans, zwaan, kuiken, kuikentje, kuikentjes, kuikens, kip
51	img/tt/085tt.jpg	img/gs/085gs.jpg	grasshopper, cricket, locust, mantis, praying mantis	sprinkhaan, krekel
52	img/tt/086tt.jpg	img/gs/086gs.jpg	snake, python, mamba, cobra, serpent	slang, ratelslang, python, mamba, cobra, boa, adder
53	img/tt/087tt.jpg	img/gs/087gs.jpg	canoe, kayak, dog, kayaker	kano, kayak, hond 
54	img/tt/089tt.jpg	img/gs/089gs.jpg	hammock	hangmat
55	img/tt/090tt.jpg	img/gs/090gs.jpg	mushroom, fungi, mushrooms, fungus	champignon, paddenstoel, fungus, fungi, paddenstoelen, champignons
56	img/tt/091tt.jpg	img/gs/091gs.jpg	iguana, iguanadon, lizard	hagedis, salamander
57	img/tt/094tt.jpg	img/gs/094gs.jpg	wolf, dog	hond, wolf, puppy, pup, husky
58	img/tt/096tt.jpg	img/gs/096gs.jpg	piano, grand piano, keyboard	piano, vleugelpiano, keyboard, toetsen, toetsenbord, toets
59	img/tt/097tt.jpg	img/gs/097gs.jpg	ostrich, emu, bird	struisvogel, emoe, vogel
60	img/tt/098tt.jpg	img/gs/098gs.jpg	bird, hummingbird	vogel, kolibrie
61	img/tt/099tt.jpg	img/gs/099gs.jpg	wheelbarrow, wood	kruiwagen, hout
62	img/tt/100tt.jpg	img/gs/100gs.jpg	bear, brown bear, grizzly, grizzly bear	beer, bruine beer, grizzly, grizzly beer
63	img/tt/101tt.jpg	img/gs/101gs.jpg	mug, coffee cup, cup, coffee, breakfast, bread, plate, sandwich	koffie, koffiekop, kop, tas, ontbijt, brood, boterham, bord, koekje
64	img/tt/102tt.jpg	img/gs/102gs.jpg	gerenuk, gazelle, giraffe gazelle, antelope, deer	gazelle, antilope, hert, gerenoek
65	img/tt/103tt.jpg	img/gs/103gs.jpg	squid, tentacles, octopus	octopus, inktvis, tentakels 
66	img/tt/104tt.jpg	img/gs/104gs.jpg	frog, toad, bullfrog	kikker, pad
67	img/tt/105tt.jpg	img/gs/105gs.jpg	paperclips, gem clips, clips, paper fastener	paperclips, clips, papierbinders
68	img/tt/106tt.jpg	img/gs/106gs.jpg	kangaroo, wallaby, wallaroo	kangeroe, wallaby, wallaroe
69	img/tt/108tt.jpg	img/gs/108gs.jpg	ape, monkey, gorilla	aap, gorilla, apen, gorilla's
70	img/tt/111tt.jpg	img/gs/111gs.jpg	shower, showerhead	douch, douchekop, kraan
71	img/tt/112tt.jpg	img/gs/112gs.jpg	whistle, referee whistle	fluitje
72	img/tt/115tt.jpg	img/gs/115gs.jpg	starfish, sea star	zeester, ster
73	img/tt/117tt.jpg	img/gs/117gs.jpg	ape, monkey, gorilla, chimp, chimpanzee, bonobo	aap, gorilla, chimpansee, bonobo
74	img/tt/118tt.jpg	img/gs/118gs.jpg	chair, seat, stool	stoel
75	img/tt/119tt.jpg	img/gs/119gs.jpg	pie, cake, birthday cake	cake, taart, verjaardagstaart
76	img/tt/120tt.jpg	img/gs/120gs.jpg	man, sitting, , farmer, painter, painting, art, leaning	man, zitten, boer, schilder, schilderen, kunst
77	img/tt/121tt.jpg	img/gs/121gs.jpg	kangaroo, wallaby, wallaroo	kangeroe, wallaby, wallaroe
78	img/tt/122tt.jpg	img/gs/122gs.jpg	buddha, statue, buddha statue	standbeeld, boeddha, boeddha standbeeld
79	img/tt/123tt.jpg	img/gs/123gs.jpg	bag, briefcase	tas, schooltas, aktetas
80	img/tt/124tt.jpg	img/gs/124gs.jpg	ape, monkey, gorilla	aap, gorilla
81	img/tt/126tt.jpg	img/gs/126gs.jpg	cow, bovine	koe, rund
82	img/tt/127tt.jpg	img/gs/127gs.jpg	grasshopper, cricket, locust, mantis, praying mantis	sprinkhaan, krekel
83	img/tt/129tt.jpg	img/gs/129gs.jpg	tipi, teepee, wigwam, tent, indian tent	tipi, tent, Indiaanse tent,teepee, wigwam
84	img/tt/130tt.jpg	img/gs/130gs.jpg	camera	camera, fototoestel
85	img/tt/131tt.jpg	img/gs/131gs.jpg	camel, dromedary	kameel, dromedaris, lama, alpaca
86	img/tt/132tt.jpg	img/gs/132gs.jpg	boys, children, playing, football, soccer, kids	kinderen, voetbal, voetballers, jongens, voetbalspelen, voetbalwedstrijd 
87	img/tt/135tt.jpg	img/gs/135gs.jpg	toilet, wc, water closet, restroom, lavatory, bathroom, seat, washroom, toilet seat	wc, toilet, badkamer, bril, toiletbril, wc-bril
88	img/tt/136tt.jpg	img/gs/136gs.jpg	frog, toad, bullfrog	kikker, pad
89	img/tt/137tt.jpg	img/gs/137gs.jpg	camel, dromedary	kameel, dromedaris 
90	img/tt/139tt.jpg	img/gs/139gs.jpg	grasshopper, cricket, locust, mantis, praying mantis	sprinkhaan, krekel
91	img/tt/140tt.jpg	img/gs/140gs.jpg	forks, cutlery, kitchenware	vork, vorken, bestek
92	img/tt/141tt.jpg	img/gs/141gs.jpg	rhinoceros, rhino, hippopotamus	neushoorn, nijlpaard
93	img/tt/143tt.jpg	img/gs/143gs.jpg	pyramid	piramide
94	img/tt/144tt.jpg	img/gs/144gs.jpg	camel, dromedary	kameel, dromedaris
95	img/tt/145tt.jpg	img/gs/145gs.jpg	frog, toad, bullfrog	kikker, pad
96	img/tt/151tt.jpg	img/gs/151gs.jpg	grasshopper, cricket, locust, mantis, praying mantis	sprinkhaan, krekel
97	img/tt/155tt.jpg	img/gs/155gs.jpg	ostrich, emu, bird	struisvogel, emoe, vogel
98	img/tt/159tt.jpg	img/gs/159gs.jpg	snake, python, mamba, cobra, serpent	slang, ratelslang, python, mamba, cobra, boa, adder
99	img/tt/160tt.jpg	img/gs/160gs.jpg	cannon, artillery, mortar, battery, gunnery, weapon	kanon, wapen, artillerie
100	img/tt/161tt.jpg	img/gs/161gs.jpg	canoe, kayak, kayakers	kayak, kano
101	img/tt/163tt.jpg	img/gs/163gs.jpg	frog, toad, bullfrog	kikker, pad
102	img/tt/167tt.jpg	img/gs/167gs.jpg	bonsai, tree, bonsai tree	boom, bonsai, bonsai boom
103	img/tt/168tt.jpg	img/gs/168gs.jpg	buddha, statue, buddha statue	standbeeld, boeddha, boeddha standbeeld
104	img/tt/169tt.jpg	img/gs/169gs.jpg	spider	spin
105	img/tt/173tt.jpg	img/gs/173gs.jpg	spider	spin
106	img/tt/174tt.jpg	img/gs/174gs.jpg	chopper, helicopter	helikopter
107	img/tt/175tt.jpg	img/gs/175gs.jpg	fly, fruitfly	vlieg, fruitvlieg
108	img/tt/177tt.jpg	img/gs/177gs.jpg	grasshopper, cricket, locust, mantis, praying mantis	sprinkhaan, krekel
109	img/tt/178tt.jpg	img/gs/178gs.jpg	bird, cormorant, duck	eend, vogel
110	img/tt/179tt.jpg	img/gs/179gs.jpg	flamingo, flamingos	flamingo, flamingo's 
111	img/tt/182tt.jpg	img/gs/182gs.jpg	bath, tub, bathtub	bad, badkuip
112	img/tt/184tt.jpg	img/gs/184gs.jpg	sandwich, finger, eating, hand, bread	vinger, duim, hand, brood, boterham, eten
113	img/tt/185tt.jpg	img/gs/185gs.jpg	tick, spider	teek, spin
114	img/tt/186tt.jpg	img/gs/186gs.jpg	seal, sea lion, walrus	zeeleeuw, zeehond, walrus
115	img/tt/187tt.jpg	img/gs/187gs.jpg	owl	uil
116	img/tt/188tt.jpg	img/gs/188gs.jpg	sunflower, flower	bloem, zonnebloem
117	img/tt/189tt.jpg	img/gs/189gs.jpg	hammock,	hangmat
118	img/tt/190tt.jpg	img/gs/190gs.jpg	emu, ostrich, bird, turkey, ibis	struisvogel, emoe, vogel, kalkoen 
119	img/tt/194tt.jpg	img/gs/194gs.jpg	harp, woman	harp, vrouw, muziekinstrument, harpspeelster
120	img/tt/195tt.jpg	img/gs/195gs.jpg	chicken, cock, rooster	kip, haan
121	img/tt/197tt.jpg	img/gs/197gs.jpg	camel, dromedary	kameel, dromedaris 
122	img/tt/203tt.jpg	img/gs/203gs.jpg	butterfly, flower	vlinder, bloem
123	img/tt/204tt.jpg	img/gs/204gs.jpg	bug, insect, beetle	insect, kever, tor
124	img/tt/205tt.jpg	img/gs/205gs.jpg	reindeer, deer, moose, elk, wapiti, muntjac, chital, antlers	rendier, eland, hert, wapiti, gewei
125	img/tt/206tt.jpg	img/gs/206gs.jpg	ant, insect	mier, insect
126	img/tt/207tt.jpg	img/gs/207gs.jpg	house, shed, stable, building, barn, hut	huis, stal, gebouw, hut, herberg, 
127	img/tt/208tt.jpg	img/gs/208gs.jpg	giraffe	giraf
128	img/tt/209tt.jpg	img/gs/209gs.jpg	wheelchair	rolstoel
129	img/tt/210tt.jpg	img/gs/210gs.jpg	butterfly	vlinder
130	img/tt/212tt.jpg	img/gs/212gs.jpg	gun, rifle, AK47, Kalasjnikov, assault rifle, weapon	geweer, wapen, AK47, Kalasjnikov
131	img/tt/216tt.jpg	img/gs/216gs.jpg	tractor, caterpillar, truck, bulldozer	tractor, bulldozer
132	img/tt/220tt.jpg	img/gs/220gs.jpg	grasshopper, cricket, locust, mantis, praying mantis	sprinkhaan, krekel
133	img/tt/221tt.jpg	img/gs/221gs.jpg	duck, goose, fowl, swan	eend, gans, zwaan, kuiken, kuikentje, kip
134	img/tt/222tt.jpg	img/gs/222gs.jpg	bath, tub, bathtub, couple, man, woman	bad, badkuip, koppel, vrouw, man
135	img/tt/230tt.jpg	img/gs/230gs.jpg	butterfly	vlinder
136	img/tt/232tt.jpg	img/gs/232gs.jpg	penguin	pinguïn
137	img/tt/235tt.jpg	img/gs/235gs.jpg	hotdog	hotdog
138	img/tt/236tt.jpg	img/gs/236gs.jpg	owl	uil
139	img/tt/237tt.jpg	img/gs/237gs.jpg	dog, greyhound, hound	hond, windhond
140	img/tt/238tt.jpg	img/gs/238gs.jpg	canoe, kayak, boat, river	kano, kayak, boot, rivier, meer
141	img/tt/239tt.jpg	img/gs/239gs.jpg	shoe, sports shoe, sneakers, running shoes, footwear, pumps	schoen, schoenen, loopschoenen, sneakers, sportschoenen 
142	img/tt/241tt.jpg	img/gs/241gs.jpg	bug, insect, beetle, stink bug	insect, kever, tor
143	img/tt/243tt.jpg	img/gs/243gs.jpg	umbrella, sunshade	paraplu, parasol
144	img/tt/244tt.jpg	img/gs/244gs.jpg	tipi, teepee, wigwam, tent, indian tent	tipi, tent, Indiaanse tent,teepee, wigwam
145	img/tt/245tt.jpg	img/gs/245gs.jpg	house, villa, mansion	huis, villa
146	img/tt/246tt.jpg	img/gs/246gs.jpg	boat, ship, sailboat, sails, schooner, skiff, bateau, yacht	boot, schip, zeilboot, zeilen, jacht
147	img/tt/249tt.jpg	img/gs/249gs.jpg	bat	vleermuis
148	img/tt/250tt.jpg	img/gs/250gs.jpg	watch	horloge, uurwerk, klok
149	img/tt/253tt.jpg	img/gs/253gs.jpg	bug, insect, beetle	insect, kever, tor
150	img/tt/254tt.jpg	img/gs/254gs.jpg	train	trein
151	img/tt/255tt.jpg	img/gs/255gs.jpg	tuba, trumpet, brass, trombone, sousaphone, contrabass bugles, bugles, horn, french horn, euphonium, tenor horn, baritone horn	tuba, trompet, trombone, hoorn, blaasinstrument, sousafoon
152	img/tt/257tt.jpg	img/gs/257gs.jpg	grasshopper, cricket, locust, mantis, praying mantis	sprinkhaan, krekel
153	img/tt/260tt.jpg	img/gs/260gs.jpg	bug, insect, beetle	insect, kever, tor
154	img/tt/261tt.jpg	img/gs/261gs.jpg	canoe, kayak, boat, river, kayaker	kano, kayak, rivier
155	img/tt/263tt.jpg	img/gs/263gs.jpg	mushroom, fungi, fungus	champignon, fungi, fungus, paddenstoel
156	img/tt/264tt.jpg	img/gs/264gs.jpg	duck, goose, fowl, swan	eend, gans, kip, zwaan
157	img/tt/265tt.jpg	img/gs/265gs.jpg	jaguar, leopard, puma, cheetah, tiger, panther, lynx, cougar	jaguar, jachtluipaard, luipaard, poema, cheetah, tijger, leeuw, lynx, panter, katachtige
158	img/tt/266tt.jpg	img/gs/266gs.jpg	bird, hummingbird	vogel, kolibrie
159	img/tt/269tt.jpg	img/gs/269gs.jpg	kangaroo, wallaby, wallaroo	kangeroe, wallaby, wallaroe
160	img/tt/270tt.jpg	img/gs/270gs.jpg	reindeer, deer, moose, elk, wapiti, muntjac, chital, antler	rendier, eland, hert, wapiti, gewei
161	img/tt/273tt.jpg	img/gs/273gs.jpg	braces, teeth, dental, fingers, hand	beugel, blokjes, tanden, tand, vingers, hand, mond 
162	img/tt/274tt.jpg	img/gs/274gs.jpg	spider	spin
163	img/tt/275tt.jpg	img/gs/275gs.jpg	watch	horloge, uurwerk, klok
164	img/tt/278tt.jpg	img/gs/278gs.jpg	dragonfly	libel, waterjuffer
165	img/tt/279tt.jpg	img/gs/279gs.jpg	bear, koala, koala bear	beer, koalabeer, koala
166	img/tt/282tt.jpg	img/gs/282gs.jpg	orca, whale, killer whale, dolphin	orka, walvis, dolfijn
167	img/tt/283tt.jpg	img/gs/283gs.jpg	iguana, iguanadon, lizard	salamander, hagedis
168	img/tt/286tt.jpg	img/gs/286gs.jpg	bowling, ball, bowling ball, bowling alley	bowling, bal, bowlingbal, bowlingbaan 
169	img/tt/289tt.jpg	img/gs/289gs.jpg	reindeer, deer, moose, elk, wapiti, muntjac, chital, antler	rendier, eland, hert, wapiti, gewei
170	img/tt/290tt.jpg	img/gs/290gs.jpg	flower, hibiscus	bloem, hibiscus
171	img/tt/296tt.jpg	img/gs/296gs.jpg	hospital, bed, hospital bed	bed, ziekenhuis, ziekenhuisbed
172	img/tt/297tt.jpg	img/gs/297gs.jpg	melon, watermelon	meloen, watermeloen
173	img/tt/299tt.jpg	img/gs/299gs.jpg	duck, goose, fowl, swan	eend, gans, zwaan, kip
174	img/tt/300tt.jpg	img/gs/300gs.jpg	woman, human, person, headscarf, sitting, praying	vrouw, mens, person, zitten, bidden, sjaal
175	img/tt/301tt.jpg	img/gs/301gs.jpg	bells, clocks	klokken, bellen
176	img/tt/303tt.jpg	img/gs/303gs.jpg	snail, slug	slak, slakkenhuis
177	img/tt/306tt.jpg	img/gs/306gs.jpg	frog, toad, bullfrog	kikker, pad
178	img/tt/307tt.jpg	img/gs/307gs.jpg	hawksbill, tortoise, turtle, sea turtle	schildpad, zeeschildpad, landschildpad 
179	img/tt/308tt.jpg	img/gs/308gs.jpg	horse	paard, pony, hengst, merrie, veulen
180	img/tt/312tt.jpg	img/gs/312gs.jpg	conch, shell, sea	schelp, slakkenhuis, zeeschelp, zee
181	img/tt/314tt.jpg	img/gs/314gs.jpg	shoe, sports shoe, sneakers, running shoes, footwear, pumps	schoen, schoenen, loopschoenen, sneakers, sportschoenen 
182	img/tt/315tt.jpg	img/gs/315gs.jpg	cat, pussy, feline	kat, poes, kitten, kater, kattin, katachtige
183	img/tt/316tt.jpg	img/gs/316gs.jpg	bath, tub, bathtub, woman, girl	bad, badkuip, vrouw, meisje, badkamer
184	img/tt/317tt.jpg	img/gs/317gs.jpg	pie, cake, birthday cake	taart, cake, verjaardagstaart
185	img/tt/318tt.jpg	img/gs/318gs.jpg	car, automobile, seat, steering wheel	auto, autostuur, zitplaats, zetel, autozetel, bestuurszetel, chauffeurszetel 
186	img/tt/319tt.jpg	img/gs/319gs.jpg	donkeys, horses	ezels, paarden
187	img/tt/322tt.jpg	img/gs/322gs.jpg	hat, cowboy, cowboy hat, stetson	hoed, cowboyhoed, cowboy
188	img/tt/325tt.jpg	img/gs/325gs.jpg	lightning, bolt, firebolt, storm, thunderstorm, lightning bolt	bliksem, storm, lichtflits, flits, donderstorm
189	img/tt/327tt.jpg	img/gs/327gs.jpg	frog, toad, bullfrog	kikker, pad
190	img/tt/328tt.jpg	img/gs/328gs.jpg	ape, monkey, chimpanzee, chimp, bonobo	aap, chimpansee, gorilla, bonobo
191	img/tt/329tt.jpg	img/gs/329gs.jpg	squid, tentacles, octopus	octopus, inktvis, tentakels 
192	img/tt/331tt.jpg	img/gs/331gs.jpg	ape, monkey, gorilla	aap, gorilla
193	img/tt/332tt.jpg	img/gs/332gs.jpg	iguana, iguanadon, lizard	leguaan, hagedis, salamander
194	img/tt/333tt.jpg	img/gs/333gs.jpg	bird, hummingbird	vogel, kolibrie
195	img/tt/334tt.jpg	img/gs/334gs.jpg	orca, whale, killer whale, dolphin	orka, walvis, dolfijn
196	img/tt/335tt.jpg	img/gs/335gs.jpg	bee, wasp, hornet	bij, wesp, hommel, dar
197	img/tt/336tt.jpg	img/gs/336gs.jpg	bug, insect, beetle, cockroach	insect, kever, tor
198	img/tt/337tt.jpg	img/gs/337gs.jpg	retriever, dog, golden retriever, labrador, hound	hond, labrador, pup, puppy, retriever, golden retriever
199	img/tt/338tt.jpg	img/gs/338gs.jpg	donkey	ezel, paard, muilezel
200	img/tt/340tt.jpg	img/gs/340gs.jpg	bulldozer, tractor, caterpillar, truck	tractor, bulldozer
201	img/tt/341tt.jpg	img/gs/341gs.jpg	squid, tentacles, octopus	octopus, inktvis, tentakels 
202	img/tt/343tt.jpg	img/gs/343gs.jpg	frog, toad, bullfrog	kikker, pad
203	img/tt/344tt.jpg	img/gs/344gs.jpg	tank, armoured vehicle	tank, legervoertuig
204	img/tt/346tt.jpg	img/gs/346gs.jpg	goat, buck	geit, bok
205	img/tt/347tt.jpg	img/gs/347gs.jpg	cannon, artillery, mortar, battery, gunnery, weapon	kanon, wapen, artillerie
206	img/tt/348tt.jpg	img/gs/348gs.jpg	canoe, kayak, boat, river, kayaker	kano, kayak, boot, rivier, meer
207	img/tt/350tt.jpg	img/gs/350gs.jpg	squid, tentacles, octopus	octopus, inktvis, tentakels 
208	img/tt/351tt.jpg	img/gs/351gs.jpg	bananas	bananen
209	img/tt/353tt.jpg	img/gs/353gs.jpg	penguins	pinguïns
210	img/tt/356tt.jpg	img/gs/356gs.jpg	snail, slug	slak, slakkenhuis
211	img/tt/357tt.jpg	img/gs/357gs.jpg	hedgehog	egel
212	img/tt/358tt.jpg	img/gs/358gs.jpg	camel, dromedary	kameel, dromedaris
213	img/tt/360tt.jpg	img/gs/360gs.jpg	bear, brown bear, grizzly, grizzly bear	beer, bruine beer, grizzly, grizzly beer
214	img/tt/364tt.jpg	img/gs/364gs.jpg	okapi	okapi
215	img/tt/365tt.jpg	img/gs/365gs.jpg	flamingo, flamingos	flamingo, flamingo's 
216	img/tt/367tt.jpg	img/gs/367gs.jpg	tuba, trumpet, brass, trombone, sousaphone, contrabass bugles, bugles, horn, french horn, euphonium, tenor horn, baritone horn	tuba, trompet, trombone, hoorn, blaasinstrument, sousafoon
217	img/tt/368tt.jpg	img/gs/368gs.jpg	saddle, horse, horse saddle, leather	zadel, paard, leer, paardrijzadel
218	img/tt/369tt.jpg	img/gs/369gs.jpg	panda, bear, panda bear	beer, pandabeer, panda
219	img/tt/370tt.jpg	img/gs/370gs.jpg	penguin	pinguïn
220	img/tt/371tt.jpg	img/gs/371gs.jpg	cactus	cactus
221	img/tt/372tt.jpg	img/gs/372gs.jpg	tuba, trumpet, brass, trombone, sousaphone, contrabass bugles, bugles, horn, french horn, euphonium, tenor horn, baritone horn	tuba, trompet, trombone, hoorn, blaasinstrument, sousafoon
222	img/tt/373tt.jpg	img/gs/373gs.jpg	frog, toad, bullfrog	kikker, pad
223	img/tt/374tt.jpg	img/gs/374gs.jpg	ape, monkey, gorilla	aap, gorilla
224	img/tt/377tt.jpg	img/gs/377gs.jpg	flower, lily, lilyflower, lily pads, water lilies	bloem, lelie, waterlelies
225	img/tt/378tt.jpg	img/gs/378gs.jpg	jaguar, leopard, puma, cheetah, tiger, panther, lynx, cougar	jaguar, jachtluipaard, luipaard, poema, cheetah, tijger, leeuw, lynx, panter, katachtige
226	img/tt/379tt.jpg	img/gs/379gs.jpg	crab, crab fish, lobster, crayfish, crustacean, crawfish	krab, kreeft, rivierkreeft, schaaldier
227	img/tt/380tt.jpg	img/gs/380gs.jpg	billiards, snooker, cue sports, pool	biljart, snooker, pool
228	img/tt/381tt.jpg	img/gs/381gs.jpg	camel, dromedary	kameel, dromedaris 
229	img/tt/382tt.jpg	img/gs/382gs.jpg	teapot, kettle, pot	ketel, theepot 
230	img/tt/383tt.jpg	img/gs/383gs.jpg	squirrel, chipmunk, marmot	eekhoorn, muis, hamster, marmot, cavia
231	img/tt/386tt.jpg	img/gs/386gs.jpg	gerenuk, gazelle, giraffe gazelle, antelope, deer	gazelle, antilope, hert, gerenoek
232	img/tt/387tt.jpg	img/gs/387gs.jpg	billiards, snooker, cue sports, pool	biljart, snooker, pool
233	img/tt/388tt.jpg	img/gs/388gs.jpg	frog, toad, bullfrog	kikker, pad
234	img/tt/390tt.jpg	img/gs/390gs.jpg	horse, jockey, horserider	paard, ruiter, paardrijden
235	img/tt/391tt.jpg	img/gs/391gs.jpg	basketball, ring, basket, hoop, backboard	basketbalring, basketbal, basket, ring 
236	img/tt/395tt.jpg	img/gs/395gs.jpg	orca, whale, killer whale, dolphin	orka, walvis, dolfijn
237	img/tt/396tt.jpg	img/gs/396gs.jpg	ape, monkey, chimpanzee, chimp, bonobo, gorilla	aap, chimpansee, gorilla, bonobo
238	img/tt/398tt.jpg	img/gs/398gs.jpg	dog, greyhound, hound	hond, windhond
239	img/tt/400tt.jpg	img/gs/400gs.jpg	knifes, kitchen	messen, keukenmessen, keuken
240	img/tt/403tt.jpg	img/gs/403gs.jpg	butterfly	vlinder
241	img/tt/404tt.jpg	img/gs/404gs.jpg	camel, dromedary	kameel, dromedaris
242	img/tt/405tt.jpg	img/gs/405gs.jpg	bear, koala, koala bear	beer, koalabeer, koala
243	img/tt/406tt.jpg	img/gs/406gs.jpg	bat	vleermuis
244	img/tt/407tt.jpg	img/gs/407gs.jpg	penguins	pinguïns
245	img/tt/408tt.jpg	img/gs/408gs.jpg	gun, rifle, revolver, firearm, weapon, six-shooter, pistol, handgun	geweer, wapen, vuurwapen, pistool, handgeweer, revolver
246	img/tt/409tt.jpg	img/gs/409gs.jpg	teapot, kettle, pot	ketel, theepot 
247	img/tt/410tt.jpg	img/gs/410gs.jpg	owl	uil
248	img/tt/411tt.jpg	img/gs/411gs.jpg	dog, hound	hond, dalmatiër
249	img/tt/412tt.jpg	img/gs/412gs.jpg	binoculars	verrekijker
250	img/tt/414tt.jpg	img/gs/414gs.jpg	jaguar, leopard, puma, cheetah, tiger, panther, lynx, cougar	jaguar, jachtluipaard, luipaard, poema, cheetah, tijger, leeuw, lynx, panter, katachtige
251	img/tt/416tt.jpg	img/gs/416gs.jpg	ostrich, emu, bird	struisvogel, emoe, vogel
252	img/tt/417tt.jpg	img/gs/417gs.jpg	crab, crab fish, lobster, crayfish, crustacean, crawfish	krab, kreeft, schaaldier, rivierkreeft
253	img/tt/418tt.jpg	img/gs/418gs.jpg	tomato, tomatoes	tomaat, tomaten
254	img/tt/419tt.jpg	img/gs/419gs.jpg	raccoon, racoon, bear	wasbeer
255	img/tt/420tt.jpg	img/gs/420gs.jpg	dog, hound	hond
256	img/tt/423tt.jpg	img/gs/423gs.jpg	raccoon, racoon, bear	wasbeer
257	img/tt/424tt.jpg	img/gs/424gs.jpg	bat	vleermuis
258	img/tt/425tt.jpg	img/gs/425gs.jpg	duck, goose, fowl, swan	eend, gans
259	img/tt/426tt.jpg	img/gs/426gs.jpg	owl, owls	uil, uilen
260	img/tt/427tt.jpg	img/gs/427gs.jpg	canoe, kayak, boat, river, kayaker	kano, kajak, boot, rivier, kajakker
261	img/tt/429tt.jpg	img/gs/429gs.jpg	backback, bag, schoolbag	rugzak, boekentas, zak
262	img/tt/430tt.jpg	img/gs/430gs.jpg	reindeer, deer, moose, elk, wapiti, muntjac, chital, antlers	rendier, hert, eland, elk, wapiti, gewei
263	img/tt/433tt.jpg	img/gs/433gs.jpg	penguin	pinguïn, pinguïns
264	img/tt/434tt.jpg	img/gs/434gs.jpg	ewer, can, jug, pitcher, vessel, urn, carafe, decanter, bottle	kan, fles, karaf, kruik, urn, vaas
265	img/tt/435tt.jpg	img/gs/435gs.jpg	billiards, snooker, cue sports, pool	snooker, biljart, pool
266	img/tt/436tt.jpg	img/gs/436gs.jpg	iguana, iguanadon, lizard	hagedis, leguaan
267	img/tt/437tt.jpg	img/gs/437gs.jpg	elephant	olifant
268	img/tt/438tt.jpg	img/gs/438gs.jpg	snake, python, mamba, cobra, serpent	slang, cobra, python, serpent
269	img/tt/439tt.jpg	img/gs/439gs.jpg	basketball, ring, basket, hoop, backboard	basketring, basketbalring, basketbal, ring, bord
270	img/tt/440tt.jpg	img/gs/440gs.jpg	camel, dromedary	kameel, dromedaris
271	img/tt/442tt.jpg	img/gs/442gs.jpg	cactus	cactus
272	img/tt/447tt.jpg	img/gs/447gs.jpg	ostrich, emu, bird	struisvogel, emoe, vogel
273	img/tt/448tt.jpg	img/gs/448gs.jpg	grasshopper, cricket, locust, mantis, praying mantis	sprinkhaan, krekel, bidsprinkhaan
274	img/tt/452tt.jpg	img/gs/452gs.jpg	girl, woman, child	vrouw, meisje, kind
275	img/tt/454tt.jpg	img/gs/454gs.jpg	crab, crab fish, lobster, crayfish, crustacean, crawfish	krab, kreeft, schaaldier, rivierkreeft
276	img/tt/456tt.jpg	img/gs/456gs.jpg	bear, arctic bear, polar bear	ijsbeer, beer
277	img/tt/457tt.jpg	img/gs/457gs.jpg	penguin	pinguïn
278	img/tt/458tt.jpg	img/gs/458gs.jpg	wheelbarrow	kruiwagen
279	img/tt/459tt.jpg	img/gs/459gs.jpg	raccoon, racoon, bear	wasbeer
280	img/tt/460tt.jpg	img/gs/460gs.jpg	pocket knife, knife	zakmes, mes
281	img/tt/462tt.jpg	img/gs/462gs.jpg	centipede, millipede	duizendpoot, miljoenpoot
282	img/tt/463tt.jpg	img/gs/463gs.jpg	hawksbill, tortoise, turtle, sea turtle	schildpad, zeeschildpad
283	img/tt/464tt.jpg	img/gs/464gs.jpg	bear, arctic bear, polar bear	ijsbeer, beer
284	img/tt/465tt.jpg	img/gs/465gs.jpg	butterfly	vlinder
285	img/tt/466tt.jpg	img/gs/466gs.jpg	skier, skiing, ski	skiër, skiën
286	img/tt/468tt.jpg	img/gs/468gs.jpg	violin, cello	viool, cello, strijkinstrument
287	img/tt/469tt.jpg	img/gs/469gs.jpg	elephant	olifant
288	img/tt/470tt.jpg	img/gs/470gs.jpg	duck, goose, fowl, swan	eend, gans, vogel
289	img/tt/472tt.jpg	img/gs/472gs.jpg	hawksbill, tortoise, turtle, sea turtle	schildpad, zeeschildpad
290	img/tt/475tt.jpg	img/gs/475gs.jpg	headphone, earphone, ear	hoofdtelefoon, koptelefoon
291	img/tt/477tt.jpg	img/gs/477gs.jpg	fish, goldfish, bowl	vis, viskom, goudvis, visbokaal
292	img/tt/479tt.jpg	img/gs/479gs.jpg	canoe, kayak, boat, river, kayaker	boot, kajak, roeiboot, rivier, meer, kano
293	img/tt/480tt.jpg	img/gs/480gs.jpg	ladybug, lady beetle, ladybird	lieveheersbeestje, vlieg, kever
294	img/tt/481tt.jpg	img/gs/481gs.jpg	dog, dogs, hound	hond, honden
295	img/tt/486tt.jpg	img/gs/486gs.jpg	chipmunk, squirrel	eekhoorn
296	img/tt/487tt.jpg	img/gs/487gs.jpg	dog, greyhound, hound	hond, windhond
297	img/tt/488tt.jpg	img/gs/488gs.jpg	dragonfly	libel, waterjuffer
298	img/tt/489tt.jpg	img/gs/489gs.jpg	bear, brown bear, grizzly, grizzly bear	beer, bruine beer, grizzly beer
299	img/tt/491tt.jpg	img/gs/491gs.jpg	orange, oranges	appelsien, sinaasappel, pompelmoes, 
300	img/tt/492tt.jpg	img/gs/492gs.jpg	jaguar, leopard, puma, cheetah, tiger, panther, lynx, cougar	jaguar, luipaard, panter, tijger, lynx, poema, jachtluipaard, 
301	img/tt/494tt.jpg	img/gs/494gs.jpg	penguin	pinguïn, pinguïns
302	img/tt/495tt.jpg	img/gs/495gs.jpg	elephant	olifant
303	img/tt/496tt.jpg	img/gs/496gs.jpg	dog, pug, puppy	hond, mopshond, pug
304	img/tt/497tt.jpg	img/gs/497gs.jpg	stove, fire, cooking, plate	stoof, gasvuur, vuur, fornuis, kookplaat
305	img/tt/503tt.jpg	img/gs/503gs.jpg	giraffe	giraf
306	img/tt/504tt.jpg	img/gs/504gs.jpg	cat, pussy, feline	kat, kitten, poes
307	img/tt/505tt.jpg	img/gs/505gs.jpg	owl	uil
308	img/tt/506tt.jpg	img/gs/506gs.jpg	centipede, millipede	duizendpoot, miljoenpoot
309	img/tt/507tt.jpg	img/gs/507gs.jpg	woman, dancer, dancing, lady, superwoman	vrouw, danseres, superheldin
310	img/tt/510tt.jpg	img/gs/510gs.jpg	flower, hibiscus	bloem, hibiscus
311	img/tt/511tt.jpg	img/gs/511gs.jpg	jellyfish, sea jelly	kwal
312	img/tt/512tt.jpg	img/gs/512gs.jpg	centipede, millipede	duizendpoot, miljoenpoot
313	img/tt/513tt.jpg	img/gs/513gs.jpg	chair, seat, stool, rocking chair	schommelstoel, stoel
314	img/tt/515tt.jpg	img/gs/515gs.jpg	bird, sparrow	vogel, mus
315	img/tt/516tt.jpg	img/gs/516gs.jpg	gun, rifle, shotgun, firearm, weapon	geweer, vuurwapen, wapen, jachtgeweer
316	img/tt/517tt.jpg	img/gs/517gs.jpg	raccoon, racoon, bear	wasbeer, rode panda
317	img/tt/518tt.jpg	img/gs/518gs.jpg	skateboard, skate, shoe	skateboard, schoen
318	img/tt/519tt.jpg	img/gs/519gs.jpg	jaguar, leopard, puma, cheetah, tiger, panther, lynx, cougar	jaguar, luipaard, panter, tijger, lynx, poema, jachtluipaard, 
319	img/tt/520tt.jpg	img/gs/520gs.jpg	jaguar, leopard, puma, cheetah, tiger, panther, lynx, cougar	jaguar, luipaard, panter, tijger, lynx, poema, jachtluipaard, 
320	img/tt/522tt.jpg	img/gs/522gs.jpg	cat, pussy, feline	kat, kitten, poes
321	img/tt/523tt.jpg	img/gs/523gs.jpg	bear, brown bear, grizzly, grizzly bear	beer, bruine beer, grizzly beer, beren
322	img/tt/524tt.jpg	img/gs/524gs.jpg	ostrich, emu, bird	struisvogel, emoe
323	img/tt/525tt.jpg	img/gs/525gs.jpg	chair, seat, stool	stoel
324	img/tt/526tt.jpg	img/gs/526gs.jpg	watermelon, melon	watermeloen, meloen
325	img/tt/527tt.jpg	img/gs/527gs.jpg	motorcycle, motor, motorbike, bike	motor, motorfiets, scooter
326	img/tt/529tt.jpg	img/gs/529gs.jpg	paperclips, gem clips, clips, paper fastener	paperclip, papierklem
327	img/tt/530tt.jpg	img/gs/530gs.jpg	kolibri, bird, hummingbird,	kolibrie, vogel
328	img/tt/532tt.jpg	img/gs/532gs.jpg	hamburger, burger, cheeseburger	hamburger, burger, cheesburger
329	img/tt/533tt.jpg	img/gs/533gs.jpg	pens, pen	pen, pennen, stift, bic, vulpen
330	img/tt/534tt.jpg	img/gs/534gs.jpg	cactus	cactus
331	img/tt/536tt.jpg	img/gs/536gs.jpg	duck, goose, fowl, swan	gans, ganzen, eend, eenden, zwaan
332	img/tt/537tt.jpg	img/gs/537gs.jpg	anchor	anker
333	img/tt/539tt.jpg	img/gs/539gs.jpg	orca, whale, killer whale, dolphin	walvis, orka, dolfijn
334	img/tt/540tt.jpg	img/gs/540gs.jpg	man, farmer, field, worker, planting, sowing	boer, man, planten, zaaien, veld
335	img/tt/541tt.jpg	img/gs/541gs.jpg	bird, sparrow	vogel, mus
336	img/tt/544tt.jpg	img/gs/544gs.jpg	elephant	olifant
337	img/tt/545tt.jpg	img/gs/545gs.jpg	wheelbarrow	kruiwagen
338	img/tt/546tt.jpg	img/gs/546gs.jpg	wheelchair	rolstoel
339	img/tt/548tt.jpg	img/gs/548gs.jpg	dog, dalmatian, dalmatian dog	hond, dalmatiër
340	img/tt/549tt.jpg	img/gs/549gs.jpg	grasshopper, cricket, locust, mantis, praying mantis	sprinkhaan, krekel, bidsprinkhaan
341	img/tt/550tt.jpg	img/gs/550gs.jpg	mussels	oesters, mosselen
342	img/tt/551tt.jpg	img/gs/551gs.jpg	centipede, millipede	duizendpoot, miljoenpoot
343	img/tt/552tt.jpg	img/gs/552gs.jpg	skunk, badger, stink	stinkdier, das
344	img/tt/553tt.jpg	img/gs/553gs.jpg	snake, python, mamba, cobra, serpent	slang, cobra, python, serpent, adder
345	img/tt/554tt.jpg	img/gs/554gs.jpg	boat, ship, sailboat, sails, schooner, skiff, bateau, yacht	boot, schip, zeilboot, jacht
346	img/tt/556tt.jpg	img/gs/556gs.jpg	frog, toad, bullfrog	kikker, pad
347	img/tt/558tt.jpg	img/gs/558gs.jpg	flamingo, flamingos	flamingo
348	img/tt/559tt.jpg	img/gs/559gs.jpg	sewing machine, sewing, stitching machine, stitcher, sewer	naaimachine, naaien, stikmachine, stikken
349	img/tt/562tt.jpg	img/gs/562gs.jpg	pepper, paprika, red pepper, bell pepper, sweet pepper	paprika
350	img/tt/563tt.jpg	img/gs/563gs.jpg	ostrich, emu, bird	emoe, struisvogel
351	img/tt/565tt.jpg	img/gs/565gs.jpg	cards, playing cards, deck of cards, deck	speelkaarten, kaarten, dek, goocheltruc, kaartentruc
352	img/tt/567tt.jpg	img/gs/567gs.jpg	toaster, toast	broodrooster, toast
353	img/tt/568tt.jpg	img/gs/568gs.jpg	piano, grand piano, keyboard	piano, vleugelpiano
354	img/tt/569tt.jpg	img/gs/569gs.jpg	basketball, ring, basket, hoop, backboard	basketring, basketbalring, basketbal, ring, bord
355	img/tt/571tt.jpg	img/gs/571gs.jpg	buddha, statue, buddha statue	boeddha, beeld,standbeeld
356	img/tt/572tt.jpg	img/gs/572gs.jpg	jaguar, leopard, puma, cheetah, tiger, panther, lynx, cougar	jaguar, luipaard, panter, tijger, lynx, poema, jachtluipaard, 
357	img/tt/573tt.jpg	img/gs/573gs.jpg	rabbit, hare	konijn, haas
358	img/tt/575tt.jpg	img/gs/575gs.jpg	kangaroo, wallaby, wallaroo	kangoeroe, wallaby
359	img/tt/578tt.jpg	img/gs/578gs.jpg	fern, ferns, plant, fern plant	varen, varens, plant, struik
360	img/tt/579tt.jpg	img/gs/579gs.jpg	tipi, teepee, wigwam, tent, indian tent	tipi, wigwam, tent
361	img/tt/580tt.jpg	img/gs/580gs.jpg	raccoon, racoon, bear	wasbeer, wasberen
362	img/tt/582tt.jpg	img/gs/582gs.jpg	goat, buck	geit, ram, bok
363	img/tt/583tt.jpg	img/gs/583gs.jpg	grasshopper, cricket, locust, mantis, praying mantis	sprinkhaan, krekel, bidsprinkhaan
364	img/tt/584tt.jpg	img/gs/584gs.jpg	pliers, stripping tool, pincer, tool	knijptang, plooitang, tang, gereedschap
365	img/tt/585tt.jpg	img/gs/585gs.jpg	canoe, kayak, boat, river, kayakers	kajak, kano, boot, rivier
366	img/tt/586tt.jpg	img/gs/586gs.jpg	dragonfly	libel, waterjuffer
367	img/tt/588tt.jpg	img/gs/588gs.jpg	duck, goose, fowl, swan, ibis	gans, eend
368	img/tt/590tt.jpg	img/gs/590gs.jpg	cannon, artillery, mortar, battery, gunnery, weapon	kanon, wapen, artillerie
369	img/tt/592tt.jpg	img/gs/592gs.jpg	ostrich, emu, bird	struisvogel, emoe
370	img/tt/593tt.jpg	img/gs/593gs.jpg	billiards, snooker, cue sports, pool	snooker, biljart, pool, ouderen, bomma
371	img/tt/594tt.jpg	img/gs/594gs.jpg	mushroom, fungi, fungus	paddestoel, champignon, zwam
372	img/tt/595tt.jpg	img/gs/595gs.jpg	bear, brown bear, grizzly, grizzly bear	beer, bruine beer, grizzlybeer
373	img/tt/596tt.jpg	img/gs/596gs.jpg	penguin	pinguïn
374	img/tt/597tt.jpg	img/gs/597gs.jpg	iguana, iguanadon, lizard, bearded dragon	leguaan, hagedis, baardagaam, agaam
375	img/tt/598tt.jpg	img/gs/598gs.jpg	snail, slug	slak, huisjesslak
376	img/tt/599tt.jpg	img/gs/599gs.jpg	owl, owls	uil, uilen
377	img/tt/600tt.jpg	img/gs/600gs.jpg	stapler	nietjesmachine, nietmachine
378	img/tt/601tt.jpg	img/gs/601gs.jpg	tipi, teepee, wigwam, tent, indian tent	tipi, wigwam, tent, indianentent
379	img/tt/603tt.jpg	img/gs/603gs.jpg	cat, pussy, feline	kat, kitten, poes
380	img/tt/1001tt.jpg	img/gs/1001gs.jpg	donut, donuts, sweets, pastries	donut, donuts, koffiekoeken, gebakjes
381	img/tt/1002tt.jpg	img/gs/1002gs.jpg	bear, brown bear, grizzly, grizzly bear	beer, bruine beer, grizzlybeer
382	img/tt/1003tt.jpg	img/gs/1003gs.jpg	hotdog, hotdogs	hotdog, hotdogs, broodje
383	img/tt/1004tt.jpg	img/gs/1004gs.jpg	elephant, elephants	olifant, olifanten
384	img/tt/1005tt.jpg	img/gs/1005gs.jpg	rugby, rugby players, rugby match, rugby game, match, game	rugby, rugbyspelers
385	img/tt/1006tt.jpg	img/gs/1006gs.jpg	sheep, lamb, ram	schaap, schapen, ram, bok
386	img/tt/1007tt.jpg	img/gs/1007gs.jpg	plane, airplane, aeroplane, propeller plane, seaplane	vliegtuig, vliegmachine, watervliegtuig
387	img/tt/1008tt.jpg	img/gs/1008gs.jpg	hotdog, hotdogs, beans	hotdog, hotdogs, broodje
388	img/tt/1009tt.jpg	img/gs/1009gs.jpg	grill, barbecue, bbq, hotdog, hotdogs, sausages, burger, burgers, hamburgers, buns	barbecue, bbq, hamburgers, hotdogs, worsten, grillen
389	img/tt/1010tt.jpg	img/gs/1010gs.jpg	motorcycle, motor, motorbike, bike	motor, motorfiets, scooter
390	img/tt/1011tt.jpg	img/gs/1011gs.jpg	surfer, surfing, surf, surfboard	surfen, surfer, surfboard
391	img/tt/1012tt.jpg	img/gs/1012gs.jpg	horse, horses	paard, paarden, pony
392	img/tt/1013tt.jpg	img/gs/1013gs.jpg	sheep, lamb, ram	schaap, schapen, ram, lammetje
393	img/tt/1014tt.jpg	img/gs/1014gs.jpg	cat, pussy, feline	kat, kitten, poes
394	img/tt/1015tt.jpg	img/gs/1015gs.jpg	tennis, tennis player, tennis racket, racket	tennis, tennisser, tennisspeler, tennisracket
395	img/tt/1016tt.jpg	img/gs/1016gs.jpg	baseball, baseball player, catcher, baseball game	baseball, honkbal, softball, baseballspelers, honk
396	img/tt/1017tt.jpg	img/gs/1017gs.jpg	broccoli, brocolli	broccoli
397	img/tt/1018tt.jpg	img/gs/1018gs.jpg	baseball, baseball players, baseball game, catcher, batter	baseball, honkbal, softball, baseballspelers, honk
398	img/tt/1019tt.jpg	img/gs/1019gs.jpg	motorcycle, motor, motorbike, bike	motor, motorfiets, scooter
399	img/tt/1020tt.jpg	img/gs/1020gs.jpg	football, american football, football players, football game	rugby, rugbyspelers, american football, football
400	img/tt/1021tt.jpg	img/gs/1021gs.jpg	truck, forest	vrachtwagen, truck, bos, bosweg
401	img/tt/1022tt.jpg	img/gs/1022gs.jpg	zebra, zebras	zebra, zebra's
402	img/tt/1023tt.jpg	img/gs/1023gs.jpg	pizza	pizza
403	img/tt/1024tt.jpg	img/gs/1024gs.jpg	tennis, tennis player, tennis racket, racket	tennis, tennisser, tennisspeler, tennisspeelster, tennisracket
404	img/tt/1025tt.jpg	img/gs/1025gs.jpg	basketball, basketball game, basketball players	basketbal, basketbalspelers, basket
405	img/tt/1026tt.jpg	img/gs/1026gs.jpg	soccer, football, soccer game, soccer players, football players	voetbal, voetballers, shotten
406	img/tt/1027tt.jpg	img/gs/1027gs.jpg	cow, cows, bovine, bovines	koe, koeien, rund
407	img/tt/1028tt.jpg	img/gs/1028gs.jpg	broccoli, brocolli	broccoli
408	img/tt/1029tt.jpg	img/gs/1029gs.jpg	basball player, baseball, baseball bat	baseball, honkbal, softball, baseballspeler
409	img/tt/1030tt.jpg	img/gs/1030gs.jpg	donut, donuts, sweets, pastries	donut, donuts, koffiekoeken, gebakjes
410	img/tt/1031tt.jpg	img/gs/1031gs.jpg	frisbee, ultimate frisbee, frisbee game	frisbee, ultimate frisbee
411	img/tt/1032tt.jpg	img/gs/1032gs.jpg	hotdog, fries, chips	hotdog, friet, frietjes
412	img/tt/1033tt.jpg	img/gs/1033gs.jpg	baseball, baseball players, baseball game, catcher, batter	baseball, honkbal, softball, baseballspelers, honk
413	img/tt/1034tt.jpg	img/gs/1034gs.jpg	train, platform	trein, station
414	img/tt/1035tt.jpg	img/gs/1035gs.jpg	baseball, baseball players, baseball game, catcher, batter	baseball, honkbal, softball, baseballspelers, honk
415	img/tt/1036tt.jpg	img/gs/1036gs.jpg	frisbee, ultimate frisbee, frisbee game	frisbee, ultimate frisbee
416	img/tt/1037tt.jpg	img/gs/1037gs.jpg	dog, hound	hond
417	img/tt/1038tt.jpg	img/gs/1038gs.jpg	plane, airplane, aeroplane, propeller plane	vliegtuig, vliegmachine
418	img/tt/1039tt.jpg	img/gs/1039gs.jpg	bagel, bagels	bagel, bagels, donuts
419	img/tt/1040tt.jpg	img/gs/1040gs.jpg	ski, skiing, skier, cross country skiiing	skiër, skiën
420	img/tt/1041tt.jpg	img/gs/1041gs.jpg	car, cars	auto, auto's, straat
421	img/tt/1042tt.jpg	img/gs/1042gs.jpg	tennis, tennis player, tennis racket, racket	tennis, tennisser, tennisspeelster, tennisracket 
422	img/tt/1043tt.jpg	img/gs/1043gs.jpg	hotdog, hotdogs	hotdog, hotdogs, broodje
423	img/tt/1044tt.jpg	img/gs/1044gs.jpg	giraffe	giraf
424	img/tt/1045tt.jpg	img/gs/1045gs.jpg	soccer, football, soccer game, soccer players, football players	voetbal, voetballers, shotten
425	img/tt/1046tt.jpg	img/gs/1046gs.jpg	pizza	pizza
426	img/tt/1047tt.jpg	img/gs/1047gs.jpg	skateboard, skateboarder, bus	skateboard, skateboarder, bus
427	img/tt/1048tt.jpg	img/gs/1048gs.jpg	snowboard, snowboarder	snowboard, snowboarder
428	img/tt/1049tt.jpg	img/gs/1049gs.jpg	dog, dogs, pug, pugs	hond, honden, pug, pugs, mopshond, mopshonden
429	img/tt/1050tt.jpg	img/gs/1050gs.jpg	bicycle, bike, fire hydrant	fiets, brandkraan
430	img/tt/1051tt.jpg	img/gs/1051gs.jpg	zebra	zebra
431	img/tt/1052tt.jpg	img/gs/1052gs.jpg	zebra, zebras	zebra, zebras
432	img/tt/1053tt.jpg	img/gs/1053gs.jpg	cow, cows, bovine, bovines	koe, koeien, kalf, rund, runderen
433	img/tt/1054tt.jpg	img/gs/1054gs.jpg	elephant	olifant
434	img/tt/1055tt.jpg	img/gs/1055gs.jpg	surfer, surfing, surf, surfboard	surfen, surfer, surfboard
435	img/tt/1056tt.jpg	img/gs/1056gs.jpg	cow, cows, bovine, bovines	koe, koeien, rund, runderen
436	img/tt/1057tt.jpg	img/gs/1057gs.jpg	giraffe, giraffes	giraf, giraffen
437	img/tt/1058tt.jpg	img/gs/1058gs.jpg	cupcakes, chocolate cupcakes, sweets	cupcakes, cakejes, chocolade cupcakes, gebakjes
438	img/tt/1059tt.jpg	img/gs/1059gs.jpg	giraffe, giraffes	giraf, giraffen
439	img/tt/1060tt.jpg	img/gs/1060gs.jpg	snowboard, snowboarder	snowboard, snowboarder
440	img/tt/1061tt.jpg	img/gs/1061gs.jpg	frisbee, ultimate frisbee, frisbee game	frisbee, ultimate frisbee
441	img/tt/1062tt.jpg	img/gs/1062gs.jpg	truck, pickup truck, pickup, hatchback	auto, truck
442	img/tt/1063tt.jpg	img/gs/1063gs.jpg	horse, horses, pony, ponies	pony, ponies, paard, paarden
443	img/tt/1064tt.jpg	img/gs/1064gs.jpg	basball player, baseball, baseball bat, batter	baseball, honkbal, softball, baseballspeler
444	img/tt/1065tt.jpg	img/gs/1065gs.jpg	hotdog	hotdog
445	img/tt/1066tt.jpg	img/gs/1066gs.jpg	bus	bus
446	img/tt/1067tt.jpg	img/gs/1067gs.jpg	giraffe, giraffes	giraf, giraffen
447	img/tt/1068tt.jpg	img/gs/1068gs.jpg	baseball, baseball player, catcher	baseball, honkbal, softball, baseballspeler
448	img/tt/1069tt.jpg	img/gs/1069gs.jpg	sheep, lamb, ram	schaap, schapen, ram, bok
449	img/tt/1070tt.jpg	img/gs/1070gs.jpg	cake, pie, dessert	cake, taart, dessert, gebak
450	img/tt/1071tt.jpg	img/gs/1071gs.jpg	cake, wedding cake, dessert	cake, taart, dessert, gebak, bruidstaart
451	img/tt/1072tt.jpg	img/gs/1072gs.jpg	dog, hound, motorcycle, bike	hond, motor, motorfiets, scooter
452	img/tt/1073tt.jpg	img/gs/1073gs.jpg	train	trein, stoomtrein
453	img/tt/1074tt.jpg	img/gs/1074gs.jpg	baseball, baseball players, baseball game, catcher, batter	baseball, honkbal, softball, baseballspelers
454	img/tt/1075tt.jpg	img/gs/1075gs.jpg	soccer, football, goalie, keeper	voetbal, voetballer, shotten, goal, keeper
455	img/tt/1076tt.jpg	img/gs/1076gs.jpg	elephant, elephants	olifant, olifanten
456	img/tt/1077tt.jpg	img/gs/1077gs.jpg	skateboard, skateboarder	skateboard, skateboarder
457	img/tt/1078tt.jpg	img/gs/1078gs.jpg	skateboard, skateboarder	skateboard, skateboarder
458	img/tt/1079tt.jpg	img/gs/1079gs.jpg	train	trein, stoomtrein, locomotief
459	img/tt/1080tt.jpg	img/gs/1080gs.jpg	sheep, lamb, ram	schaap, schapen, ram
460	img/tt/1081tt.jpg	img/gs/1081gs.jpg	zebra	zebra
461	img/tt/1082tt.jpg	img/gs/1082gs.jpg	cat, pussy, feline, cats, felines	kat, kitten, poes, katten, poezen
462	img/tt/1083tt.jpg	img/gs/1083gs.jpg	rugby, rugby player	rugby, rugbyspeler
463	img/tt/1084tt.jpg	img/gs/1084gs.jpg	cake, pie, dessert	cake, taart, dessert, gebak
464	img/tt/1085tt.jpg	img/gs/1085gs.jpg	plane, airplane, aeroplane	vliegtuig
465	img/tt/1086tt.jpg	img/gs/1086gs.jpg	dog, dogs, hound, hounds	hond, honden, husky
466	img/tt/1087tt.jpg	img/gs/1087gs.jpg	sheep, lamb, black sheep	schaap, schapen, zwart schaap
467	img/tt/1088tt.jpg	img/gs/1088gs.jpg	surfer, surfing, surf, surfboard	surfen, surfer, surfboard
468	img/tt/1089tt.jpg	img/gs/1089gs.jpg	elephant, elephants	olifant, olifanten
469	img/tt/1090tt.jpg	img/gs/1090gs.jpg	cow, cows, bovine, bovines	koe, koeien, rund, runderen
470	img/tt/1091tt.jpg	img/gs/1091gs.jpg	horse	paard
471	img/tt/1092tt.jpg	img/gs/1092gs.jpg	bear, brown bear, grizzly, grizzly bear	beer, bruine beer, grizzlybeer
472	img/tt/1093tt.jpg	img/gs/1093gs.jpg	snowboard, snowboarder	snowboard, snowboarder
473	img/tt/1094tt.jpg	img/gs/1094gs.jpg	plane, airplane, aeroplane, jet, air jet, fighter jet, fighter plane, war plane	vliegtuig, gevechtsvliegtuig, straaljager, F16, oorlogsvliegtuig
474	img/tt/1095tt.jpg	img/gs/1095gs.jpg	zebra, zebras	zebra, zebra's
475	img/tt/1096tt.jpg	img/gs/1096gs.jpg	horse, stable, saddle	paard, stal, zadel
476	img/tt/1097tt.jpg	img/gs/1097gs.jpg	surfer, surfing, surf, surfboard, paddle board, paddle boarding	surfen, surfer, surfboard, paddle boarden, peddelaar
477	img/tt/1098tt.jpg	img/gs/1098gs.jpg	pizza	pizza
478	img/tt/1099tt.jpg	img/gs/1099gs.jpg	hotdog, hotdogs	hotdog, hotdogs, broodje
479	img/tt/1100tt.jpg	img/gs/1100gs.jpg	donut, donuts, sweets, pastries	donut, donuts, koffiekoeken, gebakjes, koekjes, koeken
480	img/tt/1101tt.jpg	img/gs/1101gs.jpg	soccer, football, soccer game, soccer player, football player	voetbal, voetballen, voetbalspeler, keeper
481	img/tt/1102tt.jpg	img/gs/1102gs.jpg	skateboard, skateboarder	skateboard, skateboarder
482	img/tt/1103tt.jpg	img/gs/1103gs.jpg	banana, bananas	banaan, bananen
483	img/tt/1104tt.jpg	img/gs/1104gs.jpg	bear, brown bear, grizzly, grizzly bear	beer, bruine beer, grizzlybeer
484	img/tt/1105tt.jpg	img/gs/1105gs.jpg	hotdog, hotdogs, corn, mashed potatoes	hotdog, hotdogs, mais, aardappelpuree, puree
485	img/tt/1106tt.jpg	img/gs/1106gs.jpg	banana, bananas	banaan, bananen
486	img/tt/1107tt.jpg	img/gs/1107gs.jpg	cat, pussy, feline, kitten, kitty	kat, kitten, poes, poesje
487	img/tt/1108tt.jpg	img/gs/1108gs.jpg	baseball, baseball players, baseball game, catcher, batter	baseball, honkbal, softball, baseballspelers
488	img/tt/1109tt.jpg	img/gs/1109gs.jpg	dog, hound, frisbee, catch, fetch	hond, frisbee, apporteren, apport
489	img/tt/1110tt.jpg	img/gs/1110gs.jpg	train, platform	trein, station, tgv, hogesnelheidstrein
490	img/tt/1111tt.jpg	img/gs/1111gs.jpg	motorcycle, motor, motorbike, bike, motorcycles, motobikes	motor, motors, motorfiets, motorfietsen
491	img/tt/1112tt.jpg	img/gs/1112gs.jpg	giraffe, giraffes	giraf, giraffen
492	img/tt/1113tt.jpg	img/gs/1113gs.jpg	soccer, football, soccer game, soccer players, football players	voetbal, voetballen, voetbalspelers
493	img/tt/1114tt.jpg	img/gs/1114gs.jpg	pizza	pizza
494	img/tt/1115tt.jpg	img/gs/1115gs.jpg	cat, pussy, feline	kat, poes, koffer
495	img/tt/1116tt.jpg	img/gs/1116gs.jpg	plane, airplane, aeroplane, propeller plane	vliegtuig, vliegtuigen
496	img/tt/1117tt.jpg	img/gs/1117gs.jpg	cow, cows, bovine, bovines	koe, koeien, rund, runderen
497	img/tt/1118tt.jpg	img/gs/1118gs.jpg	elephant	olifant
498	img/tt/1119tt.jpg	img/gs/1119gs.jpg	surfer, surfing, surf, surfboard	surfen, surfer, surfboard
499	img/tt/1120tt.jpg	img/gs/1120gs.jpg	hotdog, hotdogs	hotdog, hotdogs, broodje
500	img/tt/1121tt.jpg	img/gs/1121gs.jpg	hotdog	hotdog, broodje
501	img/tt/1122tt.jpg	img/gs/1122gs.jpg	boat, boats, speedboats, yachts	boot, speedboot, boten, schip
502	img/tt/1123tt.jpg	img/gs/1123gs.jpg	football, american football, football player	american football, football
503	img/tt/1124tt.jpg	img/gs/1124gs.jpg	field hockey, field hockey players, field hockey game	hockey, hockeywedstrijd
504	img/tt/1125tt.jpg	img/gs/1125gs.jpg	volleyball, volleyball player, volleyball players	volleybal, volleybalspeler, volleybalspelers
505	img/tt/1126tt.jpg	img/gs/1126gs.jpg	climbing, rock climbing, mountain climbing, climber, rock climber, mountain climber	bergbeklimmer, bergbeklimmen, klimmer, rotsklimmen
506	img/tt/1127tt.jpg	img/gs/1127gs.jpg	fencing, swords, fight, sword fight	schermen, gevecht, duel
507	img/tt/1128tt.jpg	img/gs/1128gs.jpg	martial arts, fighting, flip, karate	vechten, karate, gevechtssport 
508	img/tt/1129tt.jpg	img/gs/1129gs.jpg	climbing, rock climbing, mountain climbing, climber, rock climber, mountain climber	bergbeklimmer, bergbeklimmen, klimmer, rotsklimmen
509	img/tt/1130tt.jpg	img/gs/1130gs.jpg	cyclist, cycling, bicycle, bike, cycler	fiets, koersfiets, sportfiets, racefiets, fietser, coureur, wielrenner
510	img/tt/1131tt.jpg	img/gs/1131gs.jpg	skating, ice skating, figure skating, ice dancing, skaters, ice skaters, figure skaters	schaatsen, ijsschaatsen, schaatsers, ijsschaatsers, kunstschaatsen, kunstschaatsers 
511	img/tt/1132tt.jpg	img/gs/1132gs.jpg	cycling, gym, spin class, spinning	gym, fitness, spinning, fietsen, hometrainers, sportcentrum
512	img/tt/1133tt.jpg	img/gs/1133gs.jpg	mountain bikes, mountain biking, racers, racing, cyclists, bicycles, bikes	mountainbikes, mountainbiken, racen, mountainbikers, fietsen, motorcross, racers, fietsers 
513	img/tt/1134tt.jpg	img/gs/1134gs.jpg	golf, golfer	golf, golfer
514	img/tt/1135tt.jpg	img/gs/1135gs.jpg	boxing, boxers, kickboxing, fight	boksen, boksers, gevecht, bokswedstrijd, kickboksen
515	img/tt/1136tt.jpg	img/gs/1136gs.jpg	long jump, track and field, athlete	verspringen, atlete 
516	img/tt/1137tt.jpg	img/gs/1137gs.jpg	boxing, boxers, kickboxing, fight	boksen, boksers, gevecht, bokswedstrijd, kickboksen
517	img/tt/1138tt.jpg	img/gs/1138gs.jpg	martial arts, fighting, karate	vechten, karate, gevechtssport 
518	img/tt/1139tt.jpg	img/gs/1139gs.jpg	rugby, rugby players, rugby match, rugby game, match, game	rugby, rugbyspelers, rugbywedstrijd, wedstrijd
519	img/tt/1140tt.jpg	img/gs/1140gs.jpg	skating, ice skating, figure skating, ice dancing, skater, ice skater, figure skater	schaatsen, ijsschaatsen, schaatsster, ijsschaatsster, kunstschaatsen, kunstschaatsster 
520	img/tt/1141tt.jpg	img/gs/1141gs.jpg	basketball, basketball player	basketbal, basketbalspeler
521	img/tt/1142tt.jpg	img/gs/1142gs.jpg	long jump, track and field, athlete	verspringen, atlete 
522	img/tt/1143tt.jpg	img/gs/1143gs.jpg	cycling, gym, spin class, spinning, exercise, working out	gym, fitness, spinning, fietsen, hometrainer, sporten, fitnessruimte
523	img/tt/1144tt.jpg	img/gs/1144gs.jpg	field hockey, field hockey players, field hockey game	hockey, hockeywedstrijd
524	img/tt/1145tt.jpg	img/gs/1145gs.jpg	martial arts, fighting, karate	vechten, karate, gevechtssport 
525	img/tt/1146tt.jpg	img/gs/1146gs.jpg	archery, archer, bow and arrow	pijl en boog, boogschutter, boogschieten
526	img/tt/1147tt.jpg	img/gs/1147gs.jpg	martial arts, fighting, karate	vechten, karate, gevechtssport 
527	img/tt/1148tt.jpg	img/gs/1148gs.jpg	polo, water polo, polo players, water polo players	polo, waterpolo, polospelers, waterpolospelers 
528	img/tt/1149tt.jpg	img/gs/1149gs.jpg	martial arts, fighting, karate	vechten, karate, gevechtssport 
529	img/tt/1150tt.jpg	img/gs/1150gs.jpg	basketball, basketball players	basketbal, basketbalspelers
530	img/tt/1151tt.jpg	img/gs/1151gs.jpg	climbing, rock climbing, mountain climbing, climber, rock climber, mountain climber	bergbeklimmer, bergbeklimmen, klimmer, rotsklimmen
531	img/tt/1152tt.jpg	img/gs/1152gs.jpg	swimmer, swimming, race	zwemmer, zwemmen, zwemwedstrijd, wedstrijd
532	img/tt/1153tt.jpg	img/gs/1153gs.jpg	volleyball, beach volleyball	volleybal, volleybalspeler, volleybalspelers, strandvolleybal 
533	img/tt/1154tt.jpg	img/gs/1154gs.jpg	canoe, kayak, boat, river, kayakers	kayak, kano, boot, rivier, kayakers 
534	img/tt/1155tt.jpg	img/gs/1155gs.jpg	rugby, rugby players, rugby match, rugby game, match, game	rugby, rugbyspelers, rugbywedstrijd, wedstrijd
535	img/tt/1156tt.jpg	img/gs/1156gs.jpg	swimmer, swimming, floating	zwemster, zwemmen, drijven
536	img/tt/1157tt.jpg	img/gs/1157gs.jpg	gymnast, gymnastics	gymnast, gymnastiek, turner
537	img/tt/1158tt.jpg	img/gs/1158gs.jpg	lacrosse, lacrosse players	lacrosse, lacrossespelers 
538	img/tt/1159tt.jpg	img/gs/1159gs.jpg	skateboard, skateboarder	skateboard, skateboarden, skater
539	img/tt/1160tt.jpg	img/gs/1160gs.jpg	cyclist, cycling, bicycle, bike	mountainbiken, mountainbiker, fiets, fietsen, fietser
540	img/tt/1161tt.jpg	img/gs/1161gs.jpg	climbing, rock climbing, mountain climbing, climber, rock climber, mountain climber	bergbeklimmer, bergbeklimmen, klimmer, rotsklimmen
541	img/tt/1162tt.jpg	img/gs/1162gs.jpg	baseball, baseball players, baseball game, batter	baseball, baseballspeler, baseballwedstrijd 
542	img/tt/1163tt.jpg	img/gs/1163gs.jpg	cricket, cricket player	cricket, cricketspeler
543	img/tt/1164tt.jpg	img/gs/1164gs.jpg	roller derby, rollerskate, rollerblade	rolschaatsen, rolschaatsers 
544	img/tt/1165tt.jpg	img/gs/1165gs.jpg	baseball, baseball players, baseball game, catcher, batter	baseball, baseballspeler, baseballwedstrijd 
545	img/tt/1166tt.jpg	img/gs/1166gs.jpg	cyclists, cycling, bicycles, bikes	mountainbiken, mountainbikers, fietsen, fietsers
546	img/tt/1167tt.jpg	img/gs/1167gs.jpg	high jump, high jumping, jumping, pole vault	hoogspringen, hoogspringer, springen
547	img/tt/1168tt.jpg	img/gs/1168gs.jpg	archery, archer, bow and arrow	pijl en boog, boogschutter, boogschieten
548	img/tt/1169tt.jpg	img/gs/1169gs.jpg	high jump, high jumping, jumping, pole vault	hoogspringen, hoogspringer, springen
549	img/tt/1170tt.jpg	img/gs/1170gs.jpg	hockey, hockey players, hockey game	hockey, hockeywedstrijd, hockeyspelers, ijshockey, ijshockeywedstrijd, ijshockeyspelers
550	img/tt/1171tt.jpg	img/gs/1171gs.jpg	basketball, basketball player	basketbal, basketbalspeler 
551	img/tt/1172tt.jpg	img/gs/1172gs.jpg	lacrosse, lacrosse player	lacrosse, lacrossespeler
552	img/tt/1173tt.jpg	img/gs/1173gs.jpg	lacrosse, lacrosse players	lacrosse, lacrossespelers 
553	img/tt/1174tt.jpg	img/gs/1174gs.jpg	golf, golfer	golf, golfer
554	img/tt/1175tt.jpg	img/gs/1175gs.jpg	archery, archer, bow and arrow	pijl en boog, boogschutter, boogschieten
555	img/tt/1176tt.jpg	img/gs/1176gs.jpg	field hockey, field hockey players, field hockey game	hockey, hockeyspelers, hockeywedstrijd
556	img/tt/1177tt.jpg	img/gs/1177gs.jpg	fencing, swords, fight, sword fight	schermen, gevecht, duel
557	img/tt/1178tt.jpg	img/gs/1178gs.jpg	lacrosse, lacrosse players	lacrosse, lacrossespelers 
558	img/tt/1179tt.jpg	img/gs/1179gs.jpg	hockey, hockey players, hockey game	hockey, hockeywedstrijd, hockeyspeler, ijshockey, ijshockeywedstrijd, ijshockeyspeler
559	img/tt/1180tt.jpg	img/gs/1180gs.jpg	skating, ice skating, figure skating, ice dancing, skaters, ice skaters, figure skaters	schaatsen, ijsschaatsen, schaatsers, ijsschaatsers, kunstschaatsen, kunstschaatsers 
560	img/tt/1181tt.jpg	img/gs/1181gs.jpg	boxing, boxer, kickboxing, fight	boksen, bokser, gevecht, bokswedstrijd, kickboksen
561	img/tt/1182tt.jpg	img/gs/1182gs.jpg	gymnast, gymnastics	gymnaste, gymnastiek, turnster
562	img/tt/1183tt.jpg	img/gs/1183gs.jpg	canoe, kayak, boat, river, kayakers	kano, kayak, boot, rivier
563	img/tt/1184tt.jpg	img/gs/1184gs.jpg	cyclists, cycling, bicycles, bikes	mountainbike, mountainbiker, mountainbiken, fietsen, fietser, fiets
564	img/tt/1185tt.jpg	img/gs/1185gs.jpg	hockey, hockey player	hockey, hockeyspeler
565	img/tt/1186tt.jpg	img/gs/1186gs.jpg	roller skating, roller blading, skating, skate	rolschaatsen, rolschaatser, skater
566	img/tt/1187tt.jpg	img/gs/1187gs.jpg	hockey, hockey players, hockey game, goalie	hockey, hockeyspelers, hockeywedstrijd, ijshockey, ijshockeyspelers, ijshockeywedstrijd, keeper
567	img/tt/1188tt.jpg	img/gs/1188gs.jpg	cyclist, cycling, bicycle, bike	fietser, coureur 
568	img/tt/1189tt.jpg	img/gs/1189gs.jpg	swimmer, swimming, race	zwemmer, zwemmen, zwemwedstrijd, wedstrijd
569	img/tt/1190tt.jpg	img/gs/1190gs.jpg	climbing, rock climbing, mountain climbing, climber, rock climber, mountain climber	bergbeklimmer, bergbeklimmen, klimmer, rotsklimmen
570	img/tt/1191tt.jpg	img/gs/1191gs.jpg	golf, golfers	golf, golfers
571	img/tt/1192tt.jpg	img/gs/1192gs.jpg	roller skating, roller blading, skating, skate	rolschaatsen, rolschaatser, skaten, skater
572	img/tt/1193tt.jpg	img/gs/1193gs.jpg	volleyball, beach volleyball	volleybal, strandvolleybal
573	img/tt/1194tt.jpg	img/gs/1194gs.jpg	volleyball, beach volleyball	volleybal, strandvolleybal
574	img/tt/1195tt.jpg	img/gs/1195gs.jpg	cyclists, cycling, bicycles, bikes, race	coureurs, fietsers, fietsen
575	img/tt/1196tt.jpg	img/gs/1196gs.jpg	martial arts, fighting, karate	vechten, karate, gevechtssport 
576	img/tt/1197tt.jpg	img/gs/1197gs.jpg	cyclists, cycling, bicycles, bikes	fietsen, fietsers, coureurs
577	img/tt/1198tt.jpg	img/gs/1198gs.jpg	field hockey, field hockey player, field hockey game	hockey, hockeyspeler, hockeywedstrijd
578	img/tt/1199tt.jpg	img/gs/1199gs.jpg	gymnast, gymnastics	gymnastiek, gymnaste, turnster
579	img/tt/1200tt.jpg	img/gs/1200gs.jpg	canoe, kayak, boat, river, kayakers, rowing, rowers	kayak, kano, boot, rivier, kayakers, roeiboot, roeiers
580	img/tt/1201tt.jpg	img/gs/1201gs.jpg	cricket, cricket player	cricket, cricketspeler
581	img/tt/1202tt.jpg	img/gs/1202gs.jpg	martial arts, fighting, flip, karate	vechten, karate, gevechtssport 
582	img/tt/1203tt.jpg	img/gs/1203gs.jpg	roller derby, rollerskate, rollerblade	roller derby, rolschaatsen, rolschaatsers
583	img/tt/1204tt.jpg	img/gs/1204gs.jpg	lacrosse, lacrosse players	lacrosse, lacrossespelers 
584	img/tt/1205tt.jpg	img/gs/1205gs.jpg	martial arts, fighting, karate, kendo	vechten, karate, gevechtssport, kendo
585	img/tt/1206tt.jpg	img/gs/1206gs.jpg	hockey, hockey players, hockey game	hockey, hockeyspelers, hockeywedstrijd, ijshockey, ijshockeyspelers, ijshockeywedstrijd
586	img/tt/1207tt.jpg	img/gs/1207gs.jpg	runner, running, track and field, race, sprint, track	lopen, loopster, atlete, sprinten, sprintster, atletiek 
587	img/tt/1208tt.jpg	img/gs/1208gs.jpg	ski, skiing, skier, cross country skiiing	skiër, skiën, langlaufen, skilopen
588	img/tt/1209tt.jpg	img/gs/1209gs.jpg	ski, skiing, skier, cross country skiiing	skiër, skiën, langlaufen, skilopen
589	img/tt/1210tt.jpg	img/gs/1210gs.jpg	canoe, kayak, boat, river, kayakers, rowing, rowers	kayak, kano, kayakers, rivier, roeien, roeiers, boot
590	img/tt/1211tt.jpg	img/gs/1211gs.jpg	golf, golfer	golf, golfer
591	img/tt/1212tt.jpg	img/gs/1212gs.jpg	golf, golfer	golf, golfer
592	img/tt/1213tt.jpg	img/gs/1213gs.jpg	football, american football, football players	american football, football
593	img/tt/1214tt.jpg	img/gs/1214gs.jpg	football, american football, football players	american football, football
594	img/tt/1215tt.jpg	img/gs/1215gs.jpg	football, american football, football players	american football, football
595	img/tt/1216tt.jpg	img/gs/1216gs.jpg	football, american football, football players	american football, football
596	img/tt/1217tt.jpg	img/gs/1217gs.jpg	football, american football, football players	american football, football
597	img/tt/1218tt.jpg	img/gs/1218gs.jpg	rugby, rugby players, rugby match, rugby game, match, game	rugby, rugbyspelers, rugbywedstrijd, wedstrijd
598	img/tt/1219tt.jpg	img/gs/1219gs.jpg	basketball, basketball players	basketbal, basketbalspelers, basketbalring, basketbalwedstrijd, basket
599	img/tt/1220tt.jpg	img/gs/1220gs.jpg	basketball, basketball players, dunk	basketbal, basketbalspelers, basketbalring, dunk, basketbalwedstrijd, basket
600	img/tt/1221tt.jpg	img/gs/1221gs.jpg	basketball, basketball players	basketbal, baksetbalspelers, basketbalring, basketbalwedstrijd, basket
601	img/tt/1222tt.jpg	img/gs/1222gs.jpg	basketball, basketball players	basketbal, basketbalspelers, basketbalwedstrijd, basket
602	img/tt/1223tt.jpg	img/gs/1223gs.jpg	basketball, basketball players	basketbal, basketbalspelers, basketbalring, basketbalwedstrijd, basket
603	img/tt/1224tt.jpg	img/gs/1224gs.jpg	basketball, basketball player	basketbal, basketbalspeler, basket
604	img/tt/1225tt.jpg	img/gs/1225gs.jpg	rooster, chicken, fowl	kip, haan
605	img/tt/1226tt.jpg	img/gs/1226gs.jpg	rooster, chicken, fowl, roosters, chickens	kip, haan, kippen, hanen
606	img/tt/1227tt.jpg	img/gs/1227gs.jpg	rooster, chicken, fowl, roosters, chickens	kip, haan, kippen, hanen
607	img/tt/1228tt.jpg	img/gs/1228gs.jpg	rooster, chicken, fowl, roosters, chickens	kip, haan, kippen, hanen
608	img/tt/1229tt.jpg	img/gs/1229gs.jpg	bird, pigeon, dove	duif, vogel
609	img/tt/1230tt.jpg	img/gs/1230gs.jpg	bird, pigeon, dove	duif, vogel
610	img/tt/1231tt.jpg	img/gs/1231gs.jpg	bird, pigeon, dove	duif, vogel
611	img/tt/1232tt.jpg	img/gs/1232gs.jpg	bird, pigeon, dove	duif, vogel
612	img/tt/1233tt.jpg	img/gs/1233gs.jpg	bird, pigeon, dove, sunflower	duif, vogel, bloem, zonnebloem
613	img/tt/1234tt.jpg	img/gs/1234gs.jpg	duck, goose, fowl, swan	eend, gans, zwaan, kip
614	img/tt/1235tt.jpg	img/gs/1235gs.jpg	duck, geese, fowl, swans	eenden, ganzen, zwanen, kippen
615	img/tt/1236tt.jpg	img/gs/1236gs.jpg	duck, goose, fowl, swan	eend, gans, zwaan, kip
616	img/tt/1237tt.jpg	img/gs/1237gs.jpg	duck, goose, fowl, swan	eend, gans, zwaan, kip
617	img/tt/1238tt.jpg	img/gs/1238gs.jpg	duck, goose, fowl, swan	eend, gans, zwaan, kip
618	img/tt/1239tt.jpg	img/gs/1239gs.jpg	dog, hound	hond, husky
619	img/tt/1240tt.jpg	img/gs/1240gs.jpg	fox	vos
620	img/tt/1241tt.jpg	img/gs/1241gs.jpg	fox	vos
621	img/tt/1242tt.jpg	img/gs/1242gs.jpg	fox	vos
622	img/tt/1243tt.jpg	img/gs/1243gs.jpg	fox, cage	vos, kooi
623	img/tt/1244tt.jpg	img/gs/1244gs.jpg	fox, dog, hound	vos, hond
624	img/tt/1245tt.jpg	img/gs/1245gs.jpg	lion, puma, panther, lynx, cougar	jaguar, jachtluipaard, luipaard, poema, cheetah, tijger, leeuw, lynx, panter, katachtige
625	img/tt/1246tt.jpg	img/gs/1246gs.jpg	lion, lions, puma, panther, lynx, cougar	jaguar, jachtluipaard, luipaard, poema, cheetah, tijger, leeuw, lynx, panter, katachtige, leeuwen
626	img/tt/1247tt.jpg	img/gs/1247gs.jpg	lion, puma, panther, lynx, cougar	jaguar, jachtluipaard, luipaard, poema, cheetah, tijger, leeuw, lynx, panter, katachtige
627	img/tt/1248tt.jpg	img/gs/1248gs.jpg	lion, puma, panther, lynx, cougar	jaguar, jachtluipaard, luipaard, poema, cheetah, tijger, leeuw, lynx, panter, katachtige
628	img/tt/1249tt.jpg	img/gs/1249gs.jpg	lion, puma, panther, lynx, cougar	jaguar, jachtluipaard, luipaard, poema, cheetah, tijger, leeuw, lynx, panter, katachtige
629	img/tt/1250tt.jpg	img/gs/1250gs.jpg	bear, brown bear, grizzly, grizzly bear	beer, bruine beer, grizzly, grizzly beer
630	img/tt/1251tt.jpg	img/gs/1251gs.jpg	bear, brown bear, grizzly, grizzly bear	beer, bruine beer, grizzly, grizzly beer
631	img/tt/1252tt.jpg	img/gs/1252gs.jpg	rabbit, bunny, hare, rodent	konijn, haas, knaagdier
632	img/tt/1253tt.jpg	img/gs/1253gs.jpg	rabbit, bunny, hare, rodent	konijn, haas, knaagdier
633	img/tt/1254tt.jpg	img/gs/1254gs.jpg	rabbit, bunny, hare, rodent	konijn, haas, knaagdier
634	img/tt/1255tt.jpg	img/gs/1255gs.jpg	rabbit, bunny, hare, rodent	konijn, haas, knaagdier
635	img/tt/1256tt.jpg	img/gs/1256gs.jpg	rabbits, bunnies, hares, rodents	konijnen, hazen, knaagdieren
636	img/tt/1257tt.jpg	img/gs/1257gs.jpg	rabbit, bunny, hare, rodent	konijn, haas, knaagdier
637	img/tt/1258tt.jpg	img/gs/1258gs.jpg	mouse, rat, rodent	muis, rat, knaagdier
638	img/tt/1259tt.jpg	img/gs/1259gs.jpg	mouse, rat, rodent	muis, rat, knaagdier
639	img/tt/1260tt.jpg	img/gs/1260gs.jpg	mouse, rat, rodent	muis, rat, knaagdier
640	img/tt/1261tt.jpg	img/gs/1261gs.jpg	mouse, rat, rodent, hamster	muis, rat, knaagdier, hamster
641	img/tt/1262tt.jpg	img/gs/1262gs.jpg	mouse, rat, rodent, hamster	muis, rat, knaagdier, hamster, cavia
642	img/tt/1263tt.jpg	img/gs/1263gs.jpg	mouse, rat, rodent, hamster	muis, rat, knaagdier, hamster
643	img/tt/1264tt.jpg	img/gs/1264gs.jpg	mouse, rat, rodent, hamster	muis, rat, knaagdier, hamster, cavia
644	img/tt/1265tt.jpg	img/gs/1265gs.jpg	mouse, rat, rodent, hamster	muis, rat, knaagidier, hamster, cavia
645	img/tt/1266tt.jpg	img/gs/1266gs.jpg	squirrel, chipmunk, marmot	eekhoorn, marmot
646	img/tt/1267tt.jpg	img/gs/1267gs.jpg	squirrel, chipmunk, marmot	eekhoorn, marmot
647	img/tt/1268tt.jpg	img/gs/1268gs.jpg	squirrel, chipmunk, marmot	eekhoorn, marmot
648	img/tt/1269tt.jpg	img/gs/1269gs.jpg	squirrel, chipmunk, marmot	eekhoorn, marmot
649	img/tt/1270tt.jpg	img/gs/1270gs.jpg	squirrel, chipmunk, marmot	eekhoorn, marmot
650	img/tt/1271tt.jpg	img/gs/1271gs.jpg	horse	paard
651	img/tt/1272tt.jpg	img/gs/1272gs.jpg	pig, hog, swine, cage	big, zwijn, everzwijn, varken, kooi, knobbelzwijn, wrattenzwijn
652	img/tt/1273tt.jpg	img/gs/1273gs.jpg	pig, hog, warthog, swine	big, zwijn, everzwijn, varken, knobbelzwijn, wrattenzwijn
653	img/tt/1274tt.jpg	img/gs/1274gs.jpg	pig, hog, warthog, swine	big, zwijn, varken, everzwijn, knobbelzwijn, wrattenzwijn
654	img/tt/1275tt.jpg	img/gs/1275gs.jpg	pig, hog, swine	big, zwijn, varken, everzwijn, knobbelzwijn, wrattenzwijn
655	img/tt/1276tt.jpg	img/gs/1276gs.jpg	pig, hog, warthog, swine	big, zwijn, varken, everzwijn, knobbelzwijn, wrattenzwijn
656	img/tt/1277tt.jpg	img/gs/1277gs.jpg	reindeer, deer, moose, elk, wapiti, muntjac, chital, antlers	rendier, eland, hert, wapiti, gewei, ree
657	img/tt/1278tt.jpg	img/gs/1278gs.jpg	reindeer, deer, moose, elk, wapiti, muntjac, chital, antlers	rendier, eland, hert, wapiti, gewei, ree
658	img/tt/1279tt.jpg	img/gs/1279gs.jpg	reindeer, deer, moose, elk, wapiti, muntjac, chital, antlers	rendier, eland, hert, wapiti, gewei, ree
659	img/tt/1280tt.jpg	img/gs/1280gs.jpg	reindeer, deer, moose, elk, wapiti, muntjac, chital, antlers	rendier, eland, hert, wapiti, gewei, ree
660	img/tt/1281tt.jpg	img/gs/1281gs.jpg	chevrotain, deer	hert, ree, dwerghert
661	img/tt/1282tt.jpg	img/gs/1282gs.jpg	mink, ferret, cat, fox	vos, kat, wezel, fret, nerts
662	img/tt/1283tt.jpg	img/gs/1283gs.jpg	mink, ferret, cat, fox	vos, kat, wezel, fret, nerts
663	img/tt/1284tt.jpg	img/gs/1284gs.jpg	airplane, aeroplane, plane, propeller plane	vliegtuig
664	img/tt/1285tt.jpg	img/gs/1285gs.jpg	airplane, aeroplane, plane, propeller plane	vliegtuig
665	img/tt/1286tt.jpg	img/gs/1286gs.jpg	bicycle, bike, wheel	fiets, wiel, fietswiel
666	img/tt/1287tt.jpg	img/gs/1287gs.jpg	bicycle, bike	fiets
667	img/tt/1288tt.jpg	img/gs/1288gs.jpg	boat, speedboat, yacht, ship	boot, speedboot, jacht, schip, zeilboot
668	img/tt/1289tt.jpg	img/gs/1289gs.jpg	boat, speedboat, yacht, ship	boot, speedboot, jacht, schip, zeilboot
669	img/tt/1290tt.jpg	img/gs/1290gs.jpg	cable car, ski lift, gondola, trolley	skilift, lift, kabellift
670	img/tt/1291tt.jpg	img/gs/1291gs.jpg	cable car, ski lift, gondola, trolley	skilift, lift, kabellift
671	img/tt/1292tt.jpg	img/gs/1292gs.jpg	truck, mobile home, trailer, camper, RV	camper, vrachtwagen, camion, mobilhome, caravan
672	img/tt/1293tt.jpg	img/gs/1293gs.jpg	truck, mobile home, trailer, camper, RV	camper, vrachtwagen, camion, mobilhome, caravan
673	img/tt/1294tt.jpg	img/gs/1294gs.jpg	truck, mobile home, trailer, camper, RV	camper, vrachtwagen, camion, mobilhome, caravan
674	img/tt/1295tt.jpg	img/gs/1295gs.jpg	truck, mobile home, trailer, camper, RV	camper, vrachtwagen, camion, mobilhome, caravan
675	img/tt/1296tt.jpg	img/gs/1296gs.jpg	boat, ship, sailboat, sails, schooner, skiff, bateau, yacht	boot, schip, zeilboot, zeilen, jacht
676	img/tt/1297tt.jpg	img/gs/1297gs.jpg	fork lift, tractor	tractor, heftruck
677	img/tt/1298tt.jpg	img/gs/1298gs.jpg	fork lift, tractor	tractor, heftruck
678	img/tt/1299tt.jpg	img/gs/1299gs.jpg	fork lift, tractor	tractor, heftruck
679	img/tt/1300tt.jpg	img/gs/1300gs.jpg	fork lift, tractor	tractor, heftruck
680	img/tt/1301tt.jpg	img/gs/1301gs.jpg	helicopter, helicopters, planes	helikopter, helikopters, vliegtuigen
681	img/tt/1302tt.jpg	img/gs/1302gs.jpg	helicopter, plane	helikopter, vliegtuig
682	img/tt/1303tt.jpg	img/gs/1303gs.jpg	helicopter, plane	helikopter, vliegtuig
683	img/tt/1304tt.jpg	img/gs/1304gs.jpg	helicopter, plane	helikopter, vliegtuig
684	img/tt/1305tt.jpg	img/gs/1305gs.jpg	helicopter, plane	helikopter, vliegtuig
685	img/tt/1306tt.jpg	img/gs/1306gs.jpg	hot air balloon, balloon	luchtballon, ballon
686	img/tt/1307tt.jpg	img/gs/1307gs.jpg	hot air balloon, balloon	luchtballon, ballon
687	img/tt/1308tt.jpg	img/gs/1308gs.jpg	hot air balloon, balloon	luchtballon, ballon
688	img/tt/1309tt.jpg	img/gs/1309gs.jpg	truck, jeep, all terrain vehicle	jeep, terreinwagen
689	img/tt/1310tt.jpg	img/gs/1310gs.jpg	truck, jeep, all terrain vehicle	jeep, terreinwagen
690	img/tt/1311tt.jpg	img/gs/1311gs.jpg	truck, jeep, all terrain vehicle	jeep, terreinwagen
691	img/tt/1312tt.jpg	img/gs/1312gs.jpg	truck, jeep, all terrain vehicle	jeep, terreinwagen
692	img/tt/1313tt.jpg	img/gs/1313gs.jpg	limousine, limo	limo, limousine
693	img/tt/1314tt.jpg	img/gs/1314gs.jpg	limousine, limo	limo, limousine
694	img/tt/1315tt.jpg	img/gs/1315gs.jpg	motorcycle, motor, motorbike, bike	moto, motor, scooter, motorfiets, brommer
695	img/tt/1316tt.jpg	img/gs/1316gs.jpg	motorcycle, motor, motorbike, bike	moto, motor, scooter, motorfiets, brommer
696	img/tt/1317tt.jpg	img/gs/1317gs.jpg	motorcycle, motor, motorbike, bike	moto, motor, scooter, motorfiets, brommer
697	img/tt/1318tt.jpg	img/gs/1318gs.jpg	motorcycle, motor, motorbike, bike	moto, motor, scooter, motorfiets, brommer
698	img/tt/1319tt.jpg	img/gs/1319gs.jpg	motorcycle, motor, motorbike, bike	moto, motor, scooter, motorfiets, brommer
699	img/tt/1320tt.jpg	img/gs/1320gs.jpg	motorcycle, motor, motorbike, bike, scooter, vespa	moto, motor, scooter, motorfiets, brommer, vespa
700	img/tt/1321tt.jpg	img/gs/1321gs.jpg	motorcycle, motor, motorbike, bike, scooter, vespa	moto, motor, scooter, motorfiets, brommer, vespa
701	img/tt/1322tt.jpg	img/gs/1322gs.jpg	motorcycle, motor, motorbike, bike, scooter, vespa	moto, motor, scooter, motorfiets, brommer, vespa
702	img/tt/1323tt.jpg	img/gs/1323gs.jpg	motorcycles, motors, motorbikes, bikes, scooters, vespas	moto's, motors, scooters, motorfietsen, brommers, vespa's 
703	img/tt/1324tt.jpg	img/gs/1324gs.jpg	motorcycle, motor, motorbike, bike, scooter, vespa	moto, motor, scooter, motorfiets, brommer, vespa
704	img/tt/1325tt.jpg	img/gs/1325gs.jpg	car, automobile	auto, wagen
705	img/tt/1326tt.jpg	img/gs/1326gs.jpg	car, automobile	auto, wagen
706	img/tt/1327tt.jpg	img/gs/1327gs.jpg	car, automobile, seats, steering wheel	auto, wagen, zetels, autozetels, stuur, autostuur
707	img/tt/1328tt.jpg	img/gs/1328gs.jpg	ski lift, skiing, ski, lift, cable	skilift, lift, kabellift
708	img/tt/1329tt.jpg	img/gs/1329gs.jpg	ski lift, skiing, ski, lift, cable	skilift, lift, kabellift
709	img/tt/1330tt.jpg	img/gs/1330gs.jpg	ski lift, skiing, ski, lift, cable	skilift, lift, kabellift
710	img/tt/1331tt.jpg	img/gs/1331gs.jpg	train, metro, subway, metro station, subway station, underground, tube	trein, station, treinstation, tram, metro, metrostation 
711	img/tt/1332tt.jpg	img/gs/1332gs.jpg	subway, subway car, metro, tube	metro, tram, bus, zitplaatsen 
712	img/tt/1333tt.jpg	img/gs/1333gs.jpg	tractor, farming	tractor, boerderij
713	img/tt/1334tt.jpg	img/gs/1334gs.jpg	tractor, farming	tractor, boerderij
714	img/tt/1335tt.jpg	img/gs/1335gs.jpg	tractor, farming	tractor, boerderij
715	img/tt/1336tt.jpg	img/gs/1336gs.jpg	tractor, farming	tractor, boerderij
716	img/tt/1337tt.jpg	img/gs/1337gs.jpg	bulldozer, tractor, caterpillar, truck	tractor, bulldozer
717	img/tt/1338tt.jpg	img/gs/1338gs.jpg	truck, rig, trailer, trailer truck	vrachtwagen, camion 
718	img/tt/1339tt.jpg	img/gs/1339gs.jpg	truck, rig, trailer, trailer truck	vrachtwagen, camion 
719	img/tt/1340tt.jpg	img/gs/1340gs.jpg	chicken, fried chicken, roast, roast chicken	kip, gefrituurde kip, kippenbout, gebraden kip, vlees
720	img/tt/1341tt.jpg	img/gs/1341gs.jpg	bread, loaf, toast, slice	brood, boterham, toast
721	img/tt/1342tt.jpg	img/gs/1342gs.jpg	muffin, cupcake, breakfast	muffin, cup cake, ontbijt, cake
722	img/tt/1343tt.jpg	img/gs/1343gs.jpg	bagel, bagels	bagel, bagels, donut, donuts
723	img/tt/1344tt.jpg	img/gs/1344gs.jpg	sandwich	boterham
724	img/tt/1345tt.jpg	img/gs/1345gs.jpg	hotdog, hotdogs	hotdog, hotdogs
725	img/tt/1346tt.jpg	img/gs/1346gs.jpg	zucchini	courgette, aubergine 
726	img/tt/1347tt.jpg	img/gs/1347gs.jpg	zucchini	courgette, aubergine, pompoen 
727	img/tt/1348tt.jpg	img/gs/1348gs.jpg	squash, gourd	pompoen
728	img/tt/1349tt.jpg	img/gs/1349gs.jpg	squash, gourd	pompoen
729	img/tt/1350tt.jpg	img/gs/1350gs.jpg	squash, gourds	pompoen
730	img/tt/1351tt.jpg	img/gs/1351gs.jpg	pepper, red pepper, bell pepper, sweet pepper	paprika, rode paprika, zoete puntpaprika
731	img/tt/1352tt.jpg	img/gs/1352gs.jpg	pepper, red pepper, bell pepper, sweet pepper	paprika, rode paprika, zoete puntpaprika
732	img/tt/1353tt.jpg	img/gs/1353gs.jpg	pepper, red pepper, bell pepper, sweet pepper	paprika, rode paprika, zoete puntpaprika
733	img/tt/1354tt.jpg	img/gs/1354gs.jpg	pepper, red pepper, bell pepper, sweet pepper	paprika, rode paprika, zoete puntpaprika
734	img/tt/1355tt.jpg	img/gs/1355gs.jpg	pepper, red pepper, bell pepper, sweet pepper	paprika, rode paprika, zoete puntpaprika
735	img/tt/1356tt.jpg	img/gs/1356gs.jpg	pepper, red pepper, bell pepper, sweet pepper	paprika, rode paprika, zoete puntpaprika
736	img/tt/1357tt.jpg	img/gs/1357gs.jpg	bananas	bananen 
737	img/tt/1358tt.jpg	img/gs/1358gs.jpg	banana	banaan
738	img/tt/1359tt.jpg	img/gs/1359gs.jpg	banana	banaan
739	img/tt/1360tt.jpg	img/gs/1360gs.jpg	banana	banaan
740	img/tt/1361tt.jpg	img/gs/1361gs.jpg	bananas	bananen
741	img/tt/1362tt.jpg	img/gs/1362gs.jpg	pots, kitchen, stove	potten, kookplaat, keuken, fornuis, keukenmateriaal 
742	img/tt/1363tt.jpg	img/gs/1363gs.jpg	gravy, sauce, gravy boat	saus, jus
743	img/tt/1364tt.jpg	img/gs/1364gs.jpg	burrito, wrap, sandwich	wrap, burrito
744	img/tt/1365tt.jpg	img/gs/1365gs.jpg	burrito, wrap, sandwich	wrap, burrito
745	img/tt/1366tt.jpg	img/gs/1366gs.jpg	burrito, wrap, sandwich	wrap, burrito
746	img/tt/1367tt.jpg	img/gs/1367gs.jpg	burritos, wraps, tacos	wraps, burrito's, taco's 
747	img/tt/1368tt.jpg	img/gs/1368gs.jpg	burrito, wrap, sandwich	wrap, burrito
748	img/tt/1369tt.jpg	img/gs/1369gs.jpg	glass, champagne, wine glass, flute	glas, champagne, cava, wijnglas, wijn, aperitief 
749	img/tt/1370tt.jpg	img/gs/1370gs.jpg	glass, wine glass, wine	glas, wijn, wijnglas
750	img/tt/1371tt.jpg	img/gs/1371gs.jpg	glass, martini, martini glass	glas, aperitief, martini, martiniglas 
751	img/tt/1372tt.jpg	img/gs/1372gs.jpg	glass, martini, martini glass	glas, aperitief, martini, martiniglas 
752	img/tt/1373tt.jpg	img/gs/1373gs.jpg	cup, mug, coffee, tea	mok, tas, koffie, koffietas, thee
753	img/tt/1374tt.jpg	img/gs/1374gs.jpg	cup, mug, coffee, tea	mok, tas, koffie, koffietas, thee
754	img/tt/1375tt.jpg	img/gs/1375gs.jpg	cup, mug, coffee, tea	mok, tas, koffie, koffietas, thee
